run_id,random_seed,profile,temperature,serving_mode,mode,sweetness,hardness,batch_target_g,input_batch_g,crown_count,crown_pi_ing_ids,crown_names,input_crown_grams,input_ratio,individual_main_policies,main_basis,family,individual_hard_limits,derived_shared_group_hard_limit,engine_result_status,proposed_crown_grams,output_ratio,exact_engine_ratio,whole_gram_ratio,total_main_percent,score,hard_safe,preview_status,apply_status,save_reopen_status,refusal_error_code,largest_non_main_drift,runtime_ms,classification,case_expectation,case_kind,failure_reason
PROTEIN-1C-01,2026082910,Protein,-11,temp_minus_11,ECO,-2,-2,1200,1200,1,PI-ING-001553,STRAWBERRIES · Fresh Fruit,1,1,main-protein-fruit-combination-v2,FRUIT_EQUIVALENT,fruit,49.5,49.5,best_achievable,594,1,1,1,49.5,89.92592592592594,true,READY,APPLIED,SAVED_REOPENED,,550,174,PASS,feasible,none,
PROTEIN-1C-02,2026082911,Protein,-12,temp_minus_12,OPTIMAL,-2,2,1500,1500,1,PI-ING-001553,STRAWBERRIES · Fresh Fruit,2,1,main-protein-fruit-combination-v2,FRUIT_EQUIVALENT,fruit,49.5,49.5,best_achievable,534,1,1,1,35.6,89.92592592592594,true,DIAGNOSTIC,NOT_ATTEMPTED_DIAGNOSTIC,NOT_SELECTED,ok,714,1221,HONEST_IMPOSSIBLE,feasible,none,"{""hardSafe"":true,""locksPreserved"":true,""diagnosticOnly"":true,""violations"":[]}"
PROTEIN-1C-03,2026082912,Protein,-13,temp_minus_13,ECO,2,-2,2000,2000,1,PI-ING-001553,STRAWBERRIES · Fresh Fruit,5,1,USER_HELD/UNKNOWN,NONE,fruit,NONE,,best_achievable,5,1,1,1,0.25,74.5925925925926,true,REFUSED:product_behavior_invalid,NOT_ATTEMPTED,NOT_ATTEMPTED,product_behavior_invalid,43,1040,AUTHORITY_BLOCKED,authority_blocked,none,"Propozycja PI została odrzucona: w proponowanej recepturze pINGÜINO nie rozpoznaje jeszcze tego produktu — brak danych o jego roli. Twoja receptura nie została zmieniona. {""mainObjective"":{""status"":""best_achievable"",""startingMainGrams"":5,""exactAcceptedMainGrams"":5,""executableMainGrams"":5,""firstHigherRejectedGrams"":5.0304412841796875,""firstHigherRejectedReason"":""hard_gate"",""technicalScore"":9,""attempts"":17,""searchUpperBoundGrams"":2000,""provenMaximum"":false,""testedHigherCandidateCount"":0,""limitingTechnicalRules"":[""hard_gate""],""proofKind"":""heuristic_search""},""diagnosticReason"":null}"
PROTEIN-1C-04,2026082913,Protein,Fresh,fresh,OPTIMAL,2,2,400,400,1,PI-ING-001553,STRAWBERRIES · Fresh Fruit,10,1,USER_HELD/UNKNOWN,NONE,fruit,NONE,,best_achievable,10,1,1,1,2.5,72.14814814814815,true,REFUSED:product_behavior_invalid,NOT_ATTEMPTED,NOT_ATTEMPTED,product_behavior_invalid,34,527,AUTHORITY_BLOCKED,authority_blocked,none,"Propozycja PI została odrzucona: w proponowanej recepturze pINGÜINO nie rozpoznaje jeszcze tego produktu — brak danych o jego roli. Twoja receptura nie została zmieniona. {""mainObjective"":{""status"":""best_achievable"",""startingMainGrams"":10,""exactAcceptedMainGrams"":10,""executableMainGrams"":10,""firstHigherRejectedGrams"":10.047607421875,""firstHigherRejectedReason"":""hard_gate"",""technicalScore"":10,""attempts"":14,""searchUpperBoundGrams"":400,""provenMaximum"":false,""testedHigherCandidateCount"":0,""limitingTechnicalRules"":[""hard_gate""],""proofKind"":""heuristic_search""},""diagnosticReason"":null}"
PROTEIN-1C-05,2026082914,Protein,-11,temp_minus_11,ECO,0,0,500,500,1,PI-ING-001553,STRAWBERRIES · Fresh Fruit,25,1,main-protein-fruit-combination-v2,FRUIT_EQUIVALENT,fruit,49.5,49.5,best_achievable,247,1,1,1,49.4,88.14814814814815,true,READY,APPLIED,SAVED_REOPENED,,224,376,PASS,feasible,support_one,
PROTEIN-1C-06,2026082915,Protein,-12,temp_minus_12,OPTIMAL,-1,1,750,750,1,PI-ING-001553,STRAWBERRIES · Fresh Fruit,50,1,main-protein-fruit-combination-v2,FRUIT_EQUIVALENT,fruit,49.5,,best_achievable,50,1,1,1,6.6667,76.5925925925926,true,REFUSED:product_behavior_invalid,NOT_ATTEMPTED,NOT_ATTEMPTED,product_behavior_invalid,28,6,HONEST_IMPOSSIBLE,feasible,main_one,"Propozycja PI została odrzucona: w proponowanej recepturze grupa Main ma 6.7%; wymagane minimum to 10.0%. Twoja receptura nie została zmieniona. {""mainObjective"":{""status"":""best_achievable"",""startingMainGrams"":50,""exactAcceptedMainGrams"":50,""executableMainGrams"":50,""firstHigherRejectedGrams"":null,""firstHigherRejectedReason"":null,""technicalScore"":10,""attempts"":1,""searchUpperBoundGrams"":750,""provenMaximum"":false,""testedHigherCandidateCount"":0,""limitingTechnicalRules"":[""bounded_protein_group_search""],""proofKind"":""heuristic_search""},""diagnosticReason"":null}"
PROTEIN-1C-07,2026082916,Protein,-13,temp_minus_13,ECO,1,-1,1200,400,1,PI-ING-001553,STRAWBERRIES · Fresh Fruit,100,1,main-protein-fruit-combination-v2,FRUIT_EQUIVALENT,fruit,49.5,49.5,preview_ready,300,1,1,1,25,87.7037037037037,true,READY,APPLIED,SAVED_REOPENED,,264,24,PASS,feasible,batch_resize,
PROTEIN-1C-08,2026082917,Protein,Fresh,fresh,OPTIMAL,-2,0,1200,1200,1,PI-ING-001553,STRAWBERRIES · Fresh Fruit,150,1,main-protein-fruit-combination-v2,FRUIT_EQUIVALENT,fruit,49.5,49.5,best_achievable,192,1,1,1,16,86.19259259259259,true,READY,APPLIED,SAVED_REOPENED,,159,331,PASS,feasible,support_multiple,
PROTEIN-1C-09,2026082918,Protein,-12,temp_minus_12,ECO,-2,0,1500,1500,1,PI-ING-000334,VANILLA · Pi-NUTS Paste,10,1,USER_HELD/UNKNOWN,NONE,vanilla,NONE,,best_achievable,122,1,1,1,8.1333,78.40592592592593,true,DIAGNOSTIC,NOT_ATTEMPTED_DIAGNOSTIC,NOT_SELECTED,ok,144,288,HONEST_IMPOSSIBLE,feasible,randomized,"{""hardSafe"":true,""locksPreserved"":true,""diagnosticOnly"":true,""violations"":[]}"
PROTEIN-1C-10,2026082919,Protein,-11,temp_minus_11,OPTIMAL,-1,-2,1000,1000,1,PI-ING-000405,WATERMELON · Fresh Fruit,50,1,USER_HELD/UNKNOWN,NONE,fruit,NONE,,best_achievable,150,1,1,1,15,82.14814814814814,true,READY,APPLIED,SAVED_REOPENED,,67,31,PASS,feasible,randomized,
PROTEIN-2C-01,2026082920,Protein,-12,temp_minus_12,OPTIMAL,-2,-2,1500,1500,2,PI-ING-000345|PI-ING-001556,BANANA · Fresh Fruit|CRANBERRY · Fresh Fruit,352|136,1:0.386364,main-protein-fruit-combination-v2|USER_HELD/UNKNOWN,FRUIT_EQUIVALENT|NONE,fruit|fruit,17.1|NONE,,best_achievable,445|172,1:0.386517,1:0.386364,1:0.386517,41.1333,89.03703703703702,true,READY,APPLIED,SAVED_REOPENED,,441,364,PASS,feasible,none,
PROTEIN-2C-02,2026082921,Protein,-13,temp_minus_13,ECO,-2,2,2000,2000,2,PI-ING-001553|PI-ING-000345,STRAWBERRIES · Fresh Fruit|BANANA · Fresh Fruit,300|150,1:0.5,main-protein-fruit-combination-v2|main-protein-fruit-combination-v2,FRUIT_EQUIVALENT|FRUIT_EQUIVALENT,fruit|fruit,49.5|17.1,20.7,best_achievable,148|74,1:0.5,1:0.5,1:0.5,11.1,81.17481481481481,true,READY,APPLIED,SAVED_REOPENED,,330,1452,PASS,feasible,none,
PROTEIN-2C-03,2026082922,Protein,Fresh,fresh,OPTIMAL,2,-2,400,400,2,PI-ING-001553|PI-ING-001578,STRAWBERRIES · Fresh Fruit|COCOA ALKALIZED 100% · Cacao Barry Cocoa Powder,1|200,1:200,main-protein-fruit-combination-v2|main-protein-cocoa-1578,FRUIT_EQUIVALENT|COCOA_SOLIDS_EQUIVALENT,fruit|chocolate_cocoa,49.5|6.1,,unsafe_proposal,,,,,,,false,REFUSED:unsafe_proposal,NOT_ATTEMPTED,NOT_ATTEMPTED,unsafe_proposal,,34855,AUTHORITY_BLOCKED,authority_blocked,none,unsafe_proposal
PROTEIN-2C-04,2026082923,Protein,-11,temp_minus_11,ECO,2,2,500,500,2,PI-ING-001553|PI-ING-000345,STRAWBERRIES · Fresh Fruit|BANANA · Fresh Fruit,200|1,1:0.005,main-protein-fruit-combination-v2|USER_HELD/UNKNOWN,FRUIT_EQUIVALENT|NONE,fruit|fruit,49.5|NONE,,best_achievable,200|1,1:0.005,1:0.005,1:0.005,40.2,88.81481481481482,true,REFUSED:product_behavior_invalid,NOT_ATTEMPTED,NOT_ATTEMPTED,product_behavior_invalid,142,172,AUTHORITY_BLOCKED,authority_blocked,none,"Propozycja PI została odrzucona: w proponowanej recepturze pINGÜINO nie rozpoznaje jeszcze tego produktu — brak danych o jego roli. Twoja receptura nie została zmieniona. {""mainObjective"":{""status"":""best_achievable"",""startingMainGrams"":201,""exactAcceptedMainGrams"":201,""executableMainGrams"":201,""firstHigherRejectedGrams"":201.0364990234375,""firstHigherRejectedReason"":""hard_gate"",""technicalScore"":10,""attempts"":14,""searchUpperBoundGrams"":500,""provenMaximum"":false,""testedHigherCandidateCount"":0,""limitingTechnicalRules"":[""hard_gate""],""proofKind"":""heuristic_search""},""diagnosticReason"":null}"
PROTEIN-2C-05,2026082924,Protein,-12,temp_minus_12,OPTIMAL,0,0,750,750,2,PI-ING-001553|PI-ING-000345,STRAWBERRIES · Fresh Fruit|BANANA · Fresh Fruit,10|50,1:5,main-protein-fruit-combination-v2|main-protein-fruit-combination-v2,FRUIT_EQUIVALENT|FRUIT_EQUIVALENT,fruit|fruit,49.5|17.1,,best_achievable,10|50,1:5,1:5,1:5,8,77.83703703703704,true,REFUSED:product_behavior_invalid,NOT_ATTEMPTED,NOT_ATTEMPTED,product_behavior_invalid,29,1629,HONEST_IMPOSSIBLE,feasible,support_one,"Propozycja PI została odrzucona: w proponowanej recepturze grupa Main ma 8.0%; wymagane minimum to 10.0%. Twoja receptura nie została zmieniona. {""mainObjective"":{""status"":""best_achievable"",""startingMainGrams"":60,""exactAcceptedMainGrams"":60,""executableMainGrams"":60,""firstHigherRejectedGrams"":60.0465087890625,""firstHigherRejectedReason"":""hard_gate"",""technicalScore"":9,""attempts"":12,""searchUpperBoundGrams"":750,""provenMaximum"":false,""testedHigherCandidateCount"":0,""limitingTechnicalRules"":[""hard_gate""],""proofKind"":""heuristic_search""},""diagnosticReason"":null}"
PROTEIN-2C-06,2026082925,Protein,-13,temp_minus_13,ECO,-1,1,1000,1000,2,PI-ING-001553|PI-ING-000345,STRAWBERRIES · Fresh Fruit|BANANA · Fresh Fruit,25|100,1:4,main-protein-fruit-combination-v2|main-protein-fruit-combination-v2,FRUIT_EQUIVALENT|FRUIT_EQUIVALENT,fruit|fruit,49.5|17.1,20.7,best_achievable,25|100,1:4,1:4,1:4,12.5,82.03703703703702,true,READY,APPLIED,SAVED_REOPENED,,275,738,PASS,feasible,main_one,
PROTEIN-2C-07,2026082926,Protein,Fresh,fresh,OPTIMAL,1,-1,1000,1300,2,PI-ING-001553|PI-ING-000345,STRAWBERRIES · Fresh Fruit|BANANA · Fresh Fruit,400|600,1:1.5,main-protein-fruit-combination-v2|main-protein-fruit-combination-v2,FRUIT_EQUIVALENT|FRUIT_EQUIVALENT,fruit|fruit,49.5|17.1,,product_behavior_invalid,308|462,1:1.5,1:1.5,1:1.5,77,69.12532997485168,false,REFUSED:product_behavior_invalid,NOT_ATTEMPTED,NOT_ATTEMPTED,product_behavior_invalid,33.1538,415,HONEST_IMPOSSIBLE,feasible,batch_resize,"Propozycja PI została odrzucona: w proponowanej recepturze grupa Main przekracza zatwierdzony poziom OPTIMAL 20.7%. Twoja receptura nie została zmieniona. {""mainObjective"":null,""diagnosticReason"":null}"
PROTEIN-2C-08,2026082927,Protein,-11,temp_minus_11,ECO,-2,0,1500,1500,2,PI-ING-001553|PI-ING-000345,STRAWBERRIES · Fresh Fruit|BANANA · Fresh Fruit,600|600,1:1,main-protein-fruit-combination-v2|main-protein-fruit-combination-v2,FRUIT_EQUIVALENT|FRUIT_EQUIVALENT,fruit|fruit,49.5|17.1,,rescale_locked_sum,,,,,,,false,REFUSED:rescale_locked_sum,NOT_ATTEMPTED,NOT_ATTEMPTED,rescale_locked_sum,,1,HONEST_IMPOSSIBLE,feasible,support_multiple,rescale_locked_sum
PROTEIN-2C-09,2026082928,Protein,-12,temp_minus_12,OPTIMAL,1,0,2000,2000,2,PI-ING-000246|PI-ING-000405,FRENCH VANILLA · MEC3 Cream · Chilled · 14054A|WATERMELON · Fresh Fruit,25|100,1:4,main-protein-vanilla-0246|USER_HELD/UNKNOWN,PERCENT_OF_BASE|NONE,vanilla|fruit,4.9|NONE,,best_achievable,61|243,1:3.983607,1:4,1:3.983607,15.2,83.89037037037038,true,READY,APPLIED,SAVED_REOPENED,,159,17,PASS,feasible,randomized,
PROTEIN-2C-10,2026082929,Protein,-12,temp_minus_12,ECO,1,1,1000,1000,2,PI-ING-000334|PI-ING-000246,VANILLA · Pi-NUTS Paste|FRENCH VANILLA · MEC3 Cream · Chilled · 14054A,2|100,1:50,USER_HELD/UNKNOWN|main-protein-vanilla-0246,NONE|PERCENT_OF_BASE,vanilla|vanilla,NONE|4.9,,best_achievable,2|101,1:50.5,1:50,1:50.5,10.3,80.42814814814814,true,READY,APPLIED,SAVED_REOPENED,,72,63,PASS,feasible,randomized,
PROTEIN-3C-01,2026082930,Protein,-13,temp_minus_13,ECO,-2,-2,2000,2000,3,PI-ING-001553|PI-ING-000345|PI-ING-001556,STRAWBERRIES · Fresh Fruit|BANANA · Fresh Fruit|CRANBERRY · Fresh Fruit,50|50|50,1:1:1,main-protein-fruit-combination-v2|main-protein-fruit-combination-v2|USER_HELD/UNKNOWN,FRUIT_EQUIVALENT|FRUIT_EQUIVALENT|NONE,fruit|fruit|fruit,49.5|17.1|NONE,,best_achievable,55|55|55,1:1:1,1:1:1,1:1:1,8.25,76.2925925925926,true,READY,APPLIED,NOT_SELECTED,,370,625,PASS,feasible,none,
PROTEIN-3C-02,2026082931,Protein,Fresh,fresh,OPTIMAL,-2,2,400,400,3,PI-ING-001553|PI-ING-000345|PI-ING-001556,STRAWBERRIES · Fresh Fruit|BANANA · Fresh Fruit|CRANBERRY · Fresh Fruit,100|200|300,1:2:3,main-protein-fruit-combination-v2|main-protein-fruit-combination-v2|USER_HELD/UNKNOWN,FRUIT_EQUIVALENT|FRUIT_EQUIVALENT|NONE,fruit|fruit|fruit,49.5|17.1|NONE,,main_ratio_conflict,,,,,,,false,REFUSED:main_ratio_conflict,NOT_ATTEMPTED,NOT_ATTEMPTED,main_ratio_conflict,,0,HONEST_IMPOSSIBLE,honest_impossible,none,"Składniki Główne ważą 600.0 g, więcej niż docelowa partia 400.0 g. PI nie zmniejszyło tożsamości receptury po cichu."
PROTEIN-3C-03,2026082932,Protein,-11,temp_minus_11,ECO,2,-2,500,500,3,PI-ING-001553|PI-ING-001578|PI-ING-000345,STRAWBERRIES · Fresh Fruit|COCOA ALKALIZED 100% · Cacao Barry Cocoa Powder|BANANA · Fresh Fruit,300|200|100,1:0.666667:0.333333,main-protein-fruit-combination-v2|main-protein-cocoa-1578|main-protein-fruit-combination-v2,FRUIT_EQUIVALENT|COCOA_SOLIDS_EQUIVALENT|FRUIT_EQUIVALENT,fruit|chocolate_cocoa|fruit,49.5|6.1|17.1,,main_ratio_conflict,,,,,,,false,REFUSED:main_ratio_conflict,NOT_ATTEMPTED,NOT_ATTEMPTED,main_ratio_conflict,,0,AUTHORITY_BLOCKED,authority_blocked,none,"Składniki Główne ważą 600.0 g, więcej niż docelowa partia 500.0 g. PI nie zmniejszyło tożsamości receptury po cichu."
PROTEIN-3C-04,2026082933,Protein,-12,temp_minus_12,OPTIMAL,2,2,750,750,3,PI-ING-001553|PI-ING-000345|PI-ING-001556,STRAWBERRIES · Fresh Fruit|BANANA · Fresh Fruit|CRANBERRY · Fresh Fruit,1|2|5,1:2:5,main-protein-fruit-combination-v2|main-protein-fruit-combination-v2|USER_HELD/UNKNOWN,FRUIT_EQUIVALENT|FRUIT_EQUIVALENT|NONE,fruit|fruit|fruit,49.5|17.1|NONE,,best_achievable,1|2|5,1:2:5,1:2:5,1:2:5,1.0667,75.48148148148148,true,REFUSED:product_behavior_invalid,NOT_ATTEMPTED,NOT_ATTEMPTED,product_behavior_invalid,12,226,AUTHORITY_BLOCKED,authority_blocked,none,"Propozycja PI została odrzucona: w proponowanej recepturze pINGÜINO nie rozpoznaje jeszcze tego produktu — brak danych o jego roli. Twoja receptura nie została zmieniona. {""mainObjective"":{""status"":""best_achievable"",""startingMainGrams"":8,""exactAcceptedMainGrams"":8,""executableMainGrams"":8,""firstHigherRejectedGrams"":8.0452880859375,""firstHigherRejectedReason"":""hard_gate"",""technicalScore"":10,""attempts"":15,""searchUpperBoundGrams"":750,""provenMaximum"":false,""testedHigherCandidateCount"":0,""limitingTechnicalRules"":[""hard_gate""],""proofKind"":""heuristic_search""},""diagnosticReason"":null}"
PROTEIN-3C-05,2026082934,Protein,-13,temp_minus_13,ECO,0,0,1000,1000,3,PI-ING-001553|PI-ING-000345|PI-ING-001556,STRAWBERRIES · Fresh Fruit|BANANA · Fresh Fruit|CRANBERRY · Fresh Fruit,600|1|2,1:0.001667:0.003333,main-protein-fruit-combination-v2|main-protein-fruit-combination-v2|USER_HELD/UNKNOWN,FRUIT_EQUIVALENT|FRUIT_EQUIVALENT|NONE,fruit|fruit|fruit,49.5|17.1|NONE,,rescale_locked_sum,,,,,,,false,REFUSED:rescale_locked_sum,NOT_ATTEMPTED,NOT_ATTEMPTED,rescale_locked_sum,,0,HONEST_IMPOSSIBLE,feasible,support_one,rescale_locked_sum
PROTEIN-3C-06,2026082935,Protein,Fresh,fresh,OPTIMAL,-1,1,1200,1200,3,PI-ING-001553|PI-ING-000345|PI-ING-001556,STRAWBERRIES · Fresh Fruit|BANANA · Fresh Fruit|CRANBERRY · Fresh Fruit,25|50|100,1:2:4,main-protein-fruit-combination-v2|main-protein-fruit-combination-v2|USER_HELD/UNKNOWN,FRUIT_EQUIVALENT|FRUIT_EQUIVALENT|NONE,fruit|fruit|fruit,49.5|17.1|NONE,,best_achievable,25|50|100,1:2:4,1:2:4,1:2:4,14.5833,82.42592592592592,true,READY,APPLIED,NOT_SELECTED,,84,7,PASS,feasible,main_one,
PROTEIN-3C-07,2026082936,Protein,-11,temp_minus_11,ECO,1,-1,1500,1000,3,PI-ING-001553|PI-ING-000345|PI-ING-001556,STRAWBERRIES · Fresh Fruit|BANANA · Fresh Fruit|CRANBERRY · Fresh Fruit,150|150|150,1:1:1,main-protein-fruit-combination-v2|main-protein-fruit-combination-v2|USER_HELD/UNKNOWN,FRUIT_EQUIVALENT|FRUIT_EQUIVALENT|NONE,fruit|fruit|fruit,49.5|17.1|NONE,,preview_ready,225|225|225,1:1:1,1:1:1,1:1:1,45,85.48148148148148,true,READY,APPLIED,NOT_SELECTED,,90.8,827,PASS,feasible,batch_resize,
PROTEIN-3C-08,2026082937,Protein,-12,temp_minus_12,OPTIMAL,-2,0,2000,2000,3,PI-ING-001553|PI-ING-000345|PI-ING-001556,STRAWBERRIES · Fresh Fruit|BANANA · Fresh Fruit|CRANBERRY · Fresh Fruit,400|10|1,1:0.025:0.0025,main-protein-fruit-combination-v2|main-protein-fruit-combination-v2|USER_HELD/UNKNOWN,FRUIT_EQUIVALENT|FRUIT_EQUIVALENT|NONE,fruit|fruit|fruit,49.5|17.1|NONE,,best_achievable,400|10|1,1:0.025:0.0025,1:0.025:0.0025,1:0.025:0.0025,20.55,83.42634893569395,false,DIAGNOSTIC,NOT_ATTEMPTED_DIAGNOSTIC,NOT_SELECTED,ok,207,298,HONEST_IMPOSSIBLE,feasible,support_multiple,"{""hardSafe"":false,""locksPreserved"":true,""diagnosticOnly"":true,""violations"":[{""metric"":""total_solids"",""direction"":""low"",""value"":26.869422500000002,""band"":{""min"":31,""max"":44},""severity_points"":0.6354734615384612,""priority_rank"":4,""reason"":""total_solids_low""},{""metric"":""water"",""direction"":""high"",""value"":73.13057750000002,""band"":{""min"":56,""max"":70},""severity_points"":0.4472253571428593,""priority_rank"":4,""reason"":""water_high""}]}"
PROTEIN-3C-09,2026082938,Protein,-12,temp_minus_12,OPTIMAL,0,0,2000,2000,3,PI-ING-000405|PI-ING-000614|PI-ING-000334,WATERMELON · Fresh Fruit|PISTACHIO · Aldori Paste · 100% Nut|VANILLA · Pi-NUTS Paste,100|10|300,1:0.1:3,USER_HELD/UNKNOWN|main-protein-pistachio-0614|USER_HELD/UNKNOWN,NONE|NUT_EQUIVALENT|NONE,fruit|nut|vanilla,NONE|10|NONE,,best_achievable,105|11|316,1:0.104762:3.009524,1:0.1:3,1:0.104762:3.009524,21.6,88.5925925925926,true,READY,APPLIED,NOT_SELECTED,,458,1789,PASS,feasible,randomized,
PROTEIN-3C-10,2026082939,Protein,-11,temp_minus_11,ECO,-1,-1,400,400,3,PI-ING-001578|PI-ING-000334|PI-ING-000614,COCOA ALKALIZED 100% · Cacao Barry Cocoa Powder|VANILLA · Pi-NUTS Paste|PISTACHIO · Aldori Paste · 100% Nut,300|50|200,1:0.166667:0.666667,main-protein-cocoa-1578|USER_HELD/UNKNOWN|main-protein-pistachio-0614,COCOA_SOLIDS_EQUIVALENT|NONE|NUT_EQUIVALENT,chocolate_cocoa|vanilla|nut,6.1|NONE|10,,main_ratio_conflict,,,,,,,false,REFUSED:main_ratio_conflict,NOT_ATTEMPTED,NOT_ATTEMPTED,main_ratio_conflict,,1,HONEST_IMPOSSIBLE,honest_impossible,randomized,"Składniki Główne ważą 550.0 g, więcej niż docelowa partia 400.0 g. PI nie zmniejszyło tożsamości receptury po cichu."
PROTEIN-4C-01,2026082940,Protein,Fresh,fresh,OPTIMAL,-2,-2,400,400,4,PI-ING-001553|PI-ING-000345|PI-ING-001556|PI-ING-000394,STRAWBERRIES · Fresh Fruit|BANANA · Fresh Fruit|CRANBERRY · Fresh Fruit|RASPBERRIES · Fresh Fruit,50|50|50|50,1:1:1:1,main-protein-fruit-combination-v2|main-protein-fruit-combination-v2|USER_HELD/UNKNOWN|USER_HELD/UNKNOWN,FRUIT_EQUIVALENT|FRUIT_EQUIVALENT|NONE|NONE,fruit|fruit|fruit|fruit,49.5|17.1|NONE|NONE,,best_achievable,56|56|56|56,1:1:1:1,1:1:1:1,1:1:1:1,56,85.48148148148148,true,READY,APPLIED,NOT_SELECTED,,169,29,PASS,feasible,none,
PROTEIN-4C-02,2026082941,Protein,-11,temp_minus_11,ECO,-2,2,500,500,4,PI-ING-001553|PI-ING-000345|PI-ING-001556|PI-ING-000394,STRAWBERRIES · Fresh Fruit|BANANA · Fresh Fruit|CRANBERRY · Fresh Fruit|RASPBERRIES · Fresh Fruit,100|200|300|400,1:2:3:4,main-protein-fruit-combination-v2|main-protein-fruit-combination-v2|USER_HELD/UNKNOWN|USER_HELD/UNKNOWN,FRUIT_EQUIVALENT|FRUIT_EQUIVALENT|NONE|NONE,fruit|fruit|fruit|fruit,49.5|17.1|NONE|NONE,,main_ratio_conflict,,,,,,,false,REFUSED:main_ratio_conflict,NOT_ATTEMPTED,NOT_ATTEMPTED,main_ratio_conflict,,0,HONEST_IMPOSSIBLE,honest_impossible,none,"Składniki Główne ważą 1000.0 g, więcej niż docelowa partia 500.0 g. PI nie zmniejszyło tożsamości receptury po cichu."
PROTEIN-4C-03,2026082942,Protein,-12,temp_minus_12,OPTIMAL,2,-2,750,750,4,PI-ING-001553|PI-ING-001578|PI-ING-000345|PI-ING-000614,STRAWBERRIES · Fresh Fruit|COCOA ALKALIZED 100% · Cacao Barry Cocoa Powder|BANANA · Fresh Fruit|PISTACHIO · Aldori Paste · 100% Nut,400|300|200|100,1:0.75:0.5:0.25,main-protein-fruit-combination-v2|main-protein-cocoa-1578|main-protein-fruit-combination-v2|main-protein-pistachio-0614,FRUIT_EQUIVALENT|COCOA_SOLIDS_EQUIVALENT|FRUIT_EQUIVALENT|NUT_EQUIVALENT,fruit|chocolate_cocoa|fruit|nut,49.5|6.1|17.1|10,,main_ratio_conflict,,,,,,,false,REFUSED:main_ratio_conflict,NOT_ATTEMPTED,NOT_ATTEMPTED,main_ratio_conflict,,0,AUTHORITY_BLOCKED,authority_blocked,none,"Składniki Główne ważą 1000.0 g, więcej niż docelowa partia 750.0 g. PI nie zmniejszyło tożsamości receptury po cichu."
PROTEIN-4C-04,2026082943,Protein,-13,temp_minus_13,ECO,2,2,1000,1000,4,PI-ING-001553|PI-ING-000345|PI-ING-001556|PI-ING-000394,STRAWBERRIES · Fresh Fruit|BANANA · Fresh Fruit|CRANBERRY · Fresh Fruit|RASPBERRIES · Fresh Fruit,1|2|5|10,1:2:5:10,main-protein-fruit-combination-v2|main-protein-fruit-combination-v2|USER_HELD/UNKNOWN|USER_HELD/UNKNOWN,FRUIT_EQUIVALENT|FRUIT_EQUIVALENT|NONE|NONE,fruit|fruit|fruit|fruit,49.5|17.1|NONE|NONE,,best_achievable,6|13|31|63,1:2.166667:5.166667:10.5,1:2:5:10,1:2.166667:5.166667:10.5,11.3,80.47259259259259,true,READY,APPLIED,NOT_SELECTED,,120,127,PASS,authority_blocked,none,
PROTEIN-4C-05,2026082944,Protein,Fresh,fresh,OPTIMAL,0,0,1200,1200,4,PI-ING-001553|PI-ING-000345|PI-ING-001556|PI-ING-000394,STRAWBERRIES · Fresh Fruit|BANANA · Fresh Fruit|CRANBERRY · Fresh Fruit|RASPBERRIES · Fresh Fruit,600|1|2|5,1:0.001667:0.003333:0.008333,main-protein-fruit-combination-v2|main-protein-fruit-combination-v2|USER_HELD/UNKNOWN|USER_HELD/UNKNOWN,FRUIT_EQUIVALENT|FRUIT_EQUIVALENT|NONE|NONE,fruit|fruit|fruit|fruit,49.5|17.1|NONE|NONE,,best_achievable,625|1|2|5,1:0.0016:0.0032:0.008,1:0.001667:0.003333:0.008333,1:0.0016:0.0032:0.008,52.75,90.81481481481482,true,READY,APPLIED,NOT_SELECTED,,563,408,PASS,feasible,support_one,
PROTEIN-4C-06,2026082945,Protein,-11,temp_minus_11,ECO,-1,1,1500,1500,4,PI-ING-001553|PI-ING-000345|PI-ING-001556|PI-ING-000394,STRAWBERRIES · Fresh Fruit|BANANA · Fresh Fruit|CRANBERRY · Fresh Fruit|RASPBERRIES · Fresh Fruit,25|50|100|150,1:2:4:6,main-protein-fruit-combination-v2|main-protein-fruit-combination-v2|USER_HELD/UNKNOWN|USER_HELD/UNKNOWN,FRUIT_EQUIVALENT|FRUIT_EQUIVALENT|NONE|NONE,fruit|fruit|fruit|fruit,49.5|17.1|NONE|NONE,,best_achievable,25|50|100|150,1:2:4:6,1:2:4:6,1:2:4:6,21.6667,89.7037037037037,true,READY,APPLIED,NOT_SELECTED,,185,8,PASS,feasible,main_one,
PROTEIN-4C-07,2026082946,Protein,-12,temp_minus_12,OPTIMAL,1,-1,400,1000,4,PI-ING-001553|PI-ING-000345|PI-ING-001556|PI-ING-000394,STRAWBERRIES · Fresh Fruit|BANANA · Fresh Fruit|CRANBERRY · Fresh Fruit|RASPBERRIES · Fresh Fruit,150|150|150|150,1:1:1:1,main-protein-fruit-combination-v2|main-protein-fruit-combination-v2|USER_HELD/UNKNOWN|USER_HELD/UNKNOWN,FRUIT_EQUIVALENT|FRUIT_EQUIVALENT|NONE|NONE,fruit|fruit|fruit|fruit,49.5|17.1|NONE|NONE,,preview_ready,59.99999999999999|59.99999999999999|59.99999999999999|59.99999999999999,1:1:1:1,1:1:1:1,1:1:1:1,60,70.25762831290193,false,DIAGNOSTIC,NOT_ATTEMPTED_DIAGNOSTIC,NOT_SELECTED,ok,125.28,239,HONEST_IMPOSSIBLE,feasible,batch_resize,"{""hardSafe"":false,""locksPreserved"":true,""diagnosticOnly"":true,""violations"":[{""metric"":""npac"",""direction"":""low"",""value"":24.460825283493232,""band"":{""min"":42,""max"":50},""severity_points"":4.384793679126692,""priority_rank"":2,""reason"":""npac_low""},{""metric"":""pod"",""direction"":""low"",""value"":11.129838000000001,""band"":{""min"":12,""max"":17},""severity_points"":0.3480647999999995,""priority_rank"":3,""reason"":""pod_low""},{""metric"":""total_solids"",""direction"":""low"",""value"":23.396408000000005,""band"":{""min"":31,""max"":44},""severity_points"":1.169783384615384,""priority_rank"":4,""reason"":""total_solids_low""},{""metric"":""water"",""direction"":""high"",""value"":76.60359199999999,""band"":{""min"":56,""max"":70},""severity_points"":0.9433702857142846,""priority_rank"":4,""reason"":""water_high""},{""metric"":""fat"",""direction"":""low"",""value"":2.4759999999999995,""band"":{""min"":5,""max"":12},""severity_points"":0.7211428571428573,""priority_rank"":5,""reason"":""fat_low""}]}"
PROTEIN-4C-08,2026082947,Protein,-13,temp_minus_13,ECO,-2,0,400,400,4,PI-ING-001553|PI-ING-000345|PI-ING-001556|PI-ING-000394,STRAWBERRIES · Fresh Fruit|BANANA · Fresh Fruit|CRANBERRY · Fresh Fruit|RASPBERRIES · Fresh Fruit,400|100|25|5,1:0.25:0.0625:0.0125,main-protein-fruit-combination-v2|main-protein-fruit-combination-v2|USER_HELD/UNKNOWN|USER_HELD/UNKNOWN,FRUIT_EQUIVALENT|FRUIT_EQUIVALENT|NONE|NONE,fruit|fruit|fruit|fruit,49.5|17.1|NONE|NONE,,main_ratio_conflict,,,,,,,false,REFUSED:main_ratio_conflict,NOT_ATTEMPTED,NOT_ATTEMPTED,main_ratio_conflict,,0,HONEST_IMPOSSIBLE,honest_impossible,support_multiple,"Składniki Główne ważą 530.0 g, więcej niż docelowa partia 400.0 g. PI nie zmniejszyło tożsamości receptury po cichu."
PROTEIN-4C-09,2026082948,Protein,-11,temp_minus_11,ECO,2,-1,400,400,4,PI-ING-000394|PI-ING-001553|PI-ING-000334|PI-ING-000614,RASPBERRIES · Fresh Fruit|STRAWBERRIES · Fresh Fruit|VANILLA · Pi-NUTS Paste|PISTACHIO · Aldori Paste · 100% Nut,5|300|200|5,1:60:40:1,USER_HELD/UNKNOWN|main-protein-fruit-combination-v2|USER_HELD/UNKNOWN|main-protein-pistachio-0614,NONE|FRUIT_EQUIVALENT|NONE|NUT_EQUIVALENT,fruit|fruit|vanilla|nut,NONE|49.5|NONE|10,,main_ratio_conflict,,,,,,,false,REFUSED:main_ratio_conflict,NOT_ATTEMPTED,NOT_ATTEMPTED,main_ratio_conflict,,0,HONEST_IMPOSSIBLE,honest_impossible,randomized,"Składniki Główne ważą 510.0 g, więcej niż docelowa partia 400.0 g. PI nie zmniejszyło tożsamości receptury po cichu."
PROTEIN-4C-10,2026082949,Protein,-13,temp_minus_13,ECO,-1,-2,1000,1000,4,PI-ING-000334|PI-ING-000394|PI-ING-000405|PI-ING-001553,VANILLA · Pi-NUTS Paste|RASPBERRIES · Fresh Fruit|WATERMELON · Fresh Fruit|STRAWBERRIES · Fresh Fruit,600|2|300|1,1:0.003333:0.5:0.001667,USER_HELD/UNKNOWN|USER_HELD/UNKNOWN|USER_HELD/UNKNOWN|main-protein-fruit-combination-v2,NONE|NONE|NONE|FRUIT_EQUIVALENT,vanilla|fruit|fruit|fruit,NONE|NONE|NONE|49.5,,unsafe_proposal,,,,,,,false,REFUSED:unsafe_proposal,NOT_ATTEMPTED,NOT_ATTEMPTED,unsafe_proposal,,1527,HONEST_IMPOSSIBLE,feasible,randomized,unsafe_proposal
PROTEIN-5C-01,2026082950,Protein,-11,temp_minus_11,ECO,-2,-2,500,500,5,PI-ING-001553|PI-ING-000345|PI-ING-001556|PI-ING-000394|PI-ING-000405,STRAWBERRIES · Fresh Fruit|BANANA · Fresh Fruit|CRANBERRY · Fresh Fruit|RASPBERRIES · Fresh Fruit|WATERMELON · Fresh Fruit,50|50|50|50|50,1:1:1:1:1,main-protein-fruit-combination-v2|main-protein-fruit-combination-v2|USER_HELD/UNKNOWN|USER_HELD/UNKNOWN|USER_HELD/UNKNOWN,FRUIT_EQUIVALENT|FRUIT_EQUIVALENT|NONE|NONE|NONE,fruit|fruit|fruit|fruit|fruit,49.5|17.1|NONE|NONE|NONE,,best_achievable,50|50|50|50|50,1:1:1:1:1,1:1:1:1:1,1:1:1:1:1,50,86.37037037037037,true,READY,APPLIED,NOT_SELECTED,,165,2503,PASS,feasible,none,
PROTEIN-5C-02,2026082951,Protein,-12,temp_minus_12,OPTIMAL,-2,2,750,750,5,PI-ING-001553|PI-ING-000345|PI-ING-001556|PI-ING-000394|PI-ING-000405,STRAWBERRIES · Fresh Fruit|BANANA · Fresh Fruit|CRANBERRY · Fresh Fruit|RASPBERRIES · Fresh Fruit|WATERMELON · Fresh Fruit,100|150|200|300|400,1:1.5:2:3:4,main-protein-fruit-combination-v2|main-protein-fruit-combination-v2|USER_HELD/UNKNOWN|USER_HELD/UNKNOWN|USER_HELD/UNKNOWN,FRUIT_EQUIVALENT|FRUIT_EQUIVALENT|NONE|NONE|NONE,fruit|fruit|fruit|fruit|fruit,49.5|17.1|NONE|NONE|NONE,,main_ratio_conflict,,,,,,,false,REFUSED:main_ratio_conflict,NOT_ATTEMPTED,NOT_ATTEMPTED,main_ratio_conflict,,0,HONEST_IMPOSSIBLE,honest_impossible,none,"Składniki Główne ważą 1150.0 g, więcej niż docelowa partia 750.0 g. PI nie zmniejszyło tożsamości receptury po cichu."
PROTEIN-5C-03,2026082952,Protein,-13,temp_minus_13,ECO,2,-2,1000,1000,5,PI-ING-001553|PI-ING-001578|PI-ING-000345|PI-ING-000614|PI-ING-000246,STRAWBERRIES · Fresh Fruit|COCOA ALKALIZED 100% · Cacao Barry Cocoa Powder|BANANA · Fresh Fruit|PISTACHIO · Aldori Paste · 100% Nut|FRENCH VANILLA · MEC3 Cream · Chilled · 14054A,400|300|200|150|100,1:0.75:0.5:0.375:0.25,main-protein-fruit-combination-v2|main-protein-cocoa-1578|main-protein-fruit-combination-v2|main-protein-pistachio-0614|main-protein-vanilla-0246,FRUIT_EQUIVALENT|COCOA_SOLIDS_EQUIVALENT|FRUIT_EQUIVALENT|NUT_EQUIVALENT|PERCENT_OF_BASE,fruit|chocolate_cocoa|fruit|nut|vanilla,49.5|6.1|17.1|10|4.9,,main_ratio_conflict,,,,,,,false,REFUSED:main_ratio_conflict,NOT_ATTEMPTED,NOT_ATTEMPTED,main_ratio_conflict,,0,AUTHORITY_BLOCKED,authority_blocked,none,"Składniki Główne ważą 1150.0 g, więcej niż docelowa partia 1000.0 g. PI nie zmniejszyło tożsamości receptury po cichu."
PROTEIN-5C-04,2026082953,Protein,Fresh,fresh,OPTIMAL,2,2,1200,1200,5,PI-ING-001553|PI-ING-000345|PI-ING-001556|PI-ING-000394|PI-ING-000405,STRAWBERRIES · Fresh Fruit|BANANA · Fresh Fruit|CRANBERRY · Fresh Fruit|RASPBERRIES · Fresh Fruit|WATERMELON · Fresh Fruit,1|2|5|10|25,1:2:5:10:25,main-protein-fruit-combination-v2|main-protein-fruit-combination-v2|USER_HELD/UNKNOWN|USER_HELD/UNKNOWN|USER_HELD/UNKNOWN,FRUIT_EQUIVALENT|FRUIT_EQUIVALENT|NONE|NONE|NONE,fruit|fruit|fruit|fruit|fruit,49.5|17.1|NONE|NONE|NONE,,best_achievable,5|9|24|47|118,1:1.8:4.8:9.4:23.6,1:2:5:10:25,1:1.8:4.8:9.4:23.6,16.9167,83.93703703703703,true,READY,APPLIED,NOT_SELECTED,,107,327,PASS,authority_blocked,none,
PROTEIN-5C-05,2026082954,Protein,-11,temp_minus_11,ECO,0,0,1500,1500,5,PI-ING-001553|PI-ING-000345|PI-ING-001556|PI-ING-000394|PI-ING-000405,STRAWBERRIES · Fresh Fruit|BANANA · Fresh Fruit|CRANBERRY · Fresh Fruit|RASPBERRIES · Fresh Fruit|WATERMELON · Fresh Fruit,600|1|2|5|10,1:0.001667:0.003333:0.008333:0.016667,main-protein-fruit-combination-v2|main-protein-fruit-combination-v2|USER_HELD/UNKNOWN|USER_HELD/UNKNOWN|USER_HELD/UNKNOWN,FRUIT_EQUIVALENT|FRUIT_EQUIVALENT|NONE|NONE|NONE,fruit|fruit|fruit|fruit|fruit,49.5|17.1|NONE|NONE|NONE,,best_achievable,610|1|2|5|10,1:0.001639:0.003279:0.008197:0.016393,1:0.001667:0.003333:0.008333:0.016667,1:0.001639:0.003279:0.008197:0.016393,41.8667,88.14814814814815,true,READY,APPLIED,NOT_SELECTED,,685,402,PASS,feasible,support_one,
PROTEIN-5C-06,2026082955,Protein,-12,temp_minus_12,OPTIMAL,-1,1,2000,2000,5,PI-ING-001553|PI-ING-000345|PI-ING-001556|PI-ING-000394|PI-ING-000405,STRAWBERRIES · Fresh Fruit|BANANA · Fresh Fruit|CRANBERRY · Fresh Fruit|RASPBERRIES · Fresh Fruit|WATERMELON · Fresh Fruit,25|50|100|150|200,1:2:4:6:8,main-protein-fruit-combination-v2|main-protein-fruit-combination-v2|USER_HELD/UNKNOWN|USER_HELD/UNKNOWN|USER_HELD/UNKNOWN,FRUIT_EQUIVALENT|FRUIT_EQUIVALENT|NONE|NONE|NONE,fruit|fruit|fruit|fruit|fruit,49.5|17.1|NONE|NONE|NONE,,best_achievable,25|50|100|150|200,1:2:4:6:8,1:2:4:6:8,1:2:4:6:8,26.25,90.37037037037037,true,READY,APPLIED,NOT_SELECTED,,376,73,PASS,feasible,main_one,
PROTEIN-5C-07,2026082956,Protein,-13,temp_minus_13,ECO,1,-1,750,2000,5,PI-ING-001553|PI-ING-000345|PI-ING-001556|PI-ING-000394|PI-ING-000405,STRAWBERRIES · Fresh Fruit|BANANA · Fresh Fruit|CRANBERRY · Fresh Fruit|RASPBERRIES · Fresh Fruit|WATERMELON · Fresh Fruit,150|150|150|150|150,1:1:1:1:1,main-protein-fruit-combination-v2|main-protein-fruit-combination-v2|USER_HELD/UNKNOWN|USER_HELD/UNKNOWN|USER_HELD/UNKNOWN,FRUIT_EQUIVALENT|FRUIT_EQUIVALENT|NONE|NONE|NONE,fruit|fruit|fruit|fruit|fruit,49.5|17.1|NONE|NONE|NONE,,preview_ready,56|56|56|56|56,1:1:1:1:1,1:1:1:1:1,1:1:1:1:1,37.3333,87.7037037037037,true,READY,APPLIED,NOT_SELECTED,,365,76,PASS,feasible,batch_resize,
PROTEIN-5C-08,2026082957,Protein,Fresh,fresh,OPTIMAL,-2,0,500,500,5,PI-ING-001553|PI-ING-000345|PI-ING-001556|PI-ING-000394|PI-ING-000405,STRAWBERRIES · Fresh Fruit|BANANA · Fresh Fruit|CRANBERRY · Fresh Fruit|RASPBERRIES · Fresh Fruit|WATERMELON · Fresh Fruit,400|100|25|5|1,1:0.25:0.0625:0.0125:0.0025,main-protein-fruit-combination-v2|main-protein-fruit-combination-v2|USER_HELD/UNKNOWN|USER_HELD/UNKNOWN|USER_HELD/UNKNOWN,FRUIT_EQUIVALENT|FRUIT_EQUIVALENT|NONE|NONE|NONE,fruit|fruit|fruit|fruit|fruit,49.5|17.1|NONE|NONE|NONE,,main_ratio_conflict,,,,,,,false,REFUSED:main_ratio_conflict,NOT_ATTEMPTED,NOT_ATTEMPTED,main_ratio_conflict,,0,HONEST_IMPOSSIBLE,honest_impossible,support_multiple,"Składniki Główne ważą 531.0 g, więcej niż docelowa partia 500.0 g. PI nie zmniejszyło tożsamości receptury po cichu."
PROTEIN-5C-09,2026082958,Protein,Fresh,fresh,ECO,0,1,1000,1000,5,PI-ING-001556|PI-ING-000167|PI-ING-000405|PI-ING-000614|PI-ING-000334,CRANBERRY · Fresh Fruit|COFFEE INSTANT · Coffee · Dry|WATERMELON · Fresh Fruit|PISTACHIO · Aldori Paste · 100% Nut|VANILLA · Pi-NUTS Paste,1|300|1|25|10,1:300:1:25:10,USER_HELD/UNKNOWN|USER_HELD/UNKNOWN|USER_HELD/UNKNOWN|main-protein-pistachio-0614|USER_HELD/UNKNOWN,NONE|NONE|NONE|NUT_EQUIVALENT|NONE,fruit|coffee|fruit|nut|vanilla,NONE|NONE|NONE|10|NONE,,best_achievable,1|300|1|25|10,1:300:1:25:10,1:300:1:25:10,1:300:1:25:10,33.7,86.44005259259261,false,DIAGNOSTIC,NOT_ATTEMPTED_DIAGNOSTIC,NOT_SELECTED,ok,132,10403,HONEST_IMPOSSIBLE,feasible,randomized,"{""hardSafe"":false,""locksPreserved"":true,""diagnosticOnly"":true,""violations"":[{""metric"":""water"",""direction"":""low"",""value"":55.51273500000001,""band"":{""min"":57,""max"":70},""severity_points"":0.22880999999999793,""priority_rank"":4,""reason"":""water_low""}]}"
PROTEIN-5C-10,2026082959,Protein,-12,temp_minus_12,ECO,-2,-1,2000,2000,5,PI-ING-000405|PI-ING-000246|PI-ING-000345|PI-ING-001556|PI-ING-000394,WATERMELON · Fresh Fruit|FRENCH VANILLA · MEC3 Cream · Chilled · 14054A|BANANA · Fresh Fruit|CRANBERRY · Fresh Fruit|RASPBERRIES · Fresh Fruit,600|10|1|25|100,1:0.016667:0.001667:0.041667:0.166667,USER_HELD/UNKNOWN|main-protein-vanilla-0246|main-protein-fruit-combination-v2|USER_HELD/UNKNOWN|USER_HELD/UNKNOWN,NONE|PERCENT_OF_BASE|FRUIT_EQUIVALENT|NONE|NONE,fruit|vanilla|fruit|fruit|fruit,NONE|4.9|17.1|NONE|NONE,,best_achievable,602|10|1|25|100,1:0.016611:0.001661:0.041528:0.166113,1:0.016667:0.001667:0.041667:0.166667,1:0.016611:0.001661:0.041528:0.166113,36.9,86.81481481481482,true,READY,APPLIED,NOT_SELECTED,,620,112,PASS,feasible,randomized,
PROTEIN-SESSION-01,2026082993,Protein,-11,temp_minus_11,OPTIMAL,0,0,1000,1000,3,PI-ING-001553|PI-ING-000345|PI-ING-001556,STRAWBERRIES · Fresh Fruit|BANANA · Fresh Fruit|CRANBERRY · Fresh Fruit,100|200|300,1:2:3,main-protein-fruit-combination-v2|main-protein-fruit-combination-v2|USER_HELD/UNKNOWN,FRUIT_EQUIVALENT|FRUIT_EQUIVALENT|NONE,fruit|fruit|fruit,49.5|17.1|NONE,,best_achievable,103|206|309,1:2:3,1:2:3,1:2:3,61.8,86.81481481481482,true,DIAGNOSTIC,NOT_ATTEMPTED_DIAGNOSTIC,NOT_SELECTED,ok,473,361,HONEST_IMPOSSIBLE,feasible,session_recalculate,"{""hardSafe"":true,""locksPreserved"":true,""diagnosticOnly"":true,""violations"":[]}"
PROTEIN-SESSION-02,2026082993,Protein,-11,temp_minus_11,OPTIMAL,2,0,1000,1000,3,PI-ING-001553|PI-ING-000345|PI-ING-001556,STRAWBERRIES · Fresh Fruit|BANANA · Fresh Fruit|CRANBERRY · Fresh Fruit,103|206|309,1:2:3,main-protein-fruit-combination-v2|main-protein-fruit-combination-v2|USER_HELD/UNKNOWN,FRUIT_EQUIVALENT|FRUIT_EQUIVALENT|NONE,fruit|fruit|fruit,49.5|17.1|NONE,,best_achievable,104|209|313,1:2.009615:3.009615,1:2:3,1:2.009615:3.009615,62.6,85.92592592592592,true,DIAGNOSTIC,NOT_ATTEMPTED_DIAGNOSTIC,NOT_SELECTED,ok,52,363,HONEST_IMPOSSIBLE,feasible,session_sweetness,"{""hardSafe"":true,""locksPreserved"":true,""diagnosticOnly"":true,""violations"":[]}"
PROTEIN-SESSION-03,2026082993,Protein,-11,temp_minus_11,OPTIMAL,2,-2,1000,1000,3,PI-ING-001553|PI-ING-000345|PI-ING-001556,STRAWBERRIES · Fresh Fruit|BANANA · Fresh Fruit|CRANBERRY · Fresh Fruit,104|209|313,1:2.009615:3.009615,main-protein-fruit-combination-v2|main-protein-fruit-combination-v2|USER_HELD/UNKNOWN,FRUIT_EQUIVALENT|FRUIT_EQUIVALENT|NONE,fruit|fruit|fruit,49.5|17.1|NONE,,best_achievable,105|210|315,1:2:3,1:2:3,1:2:3,63,85.92592592592592,true,DIAGNOSTIC,NOT_ATTEMPTED_DIAGNOSTIC,NOT_SELECTED,ok,3,349,HONEST_IMPOSSIBLE,feasible,session_hardness,"{""hardSafe"":true,""locksPreserved"":true,""diagnosticOnly"":true,""violations"":[]}"
PROTEIN-SESSION-04,2026082993,Protein,-13,temp_minus_13,OPTIMAL,2,-2,1000,1000,3,PI-ING-001553|PI-ING-000345|PI-ING-001556,STRAWBERRIES · Fresh Fruit|BANANA · Fresh Fruit|CRANBERRY · Fresh Fruit,105|210|315,1:2:3,main-protein-fruit-combination-v2|main-protein-fruit-combination-v2|USER_HELD/UNKNOWN,FRUIT_EQUIVALENT|FRUIT_EQUIVALENT|NONE,fruit|fruit|fruit,49.5|17.1|NONE,,impossible_under_constraints,,,,,,,false,REFUSED:impossible_under_constraints,NOT_ATTEMPTED,NOT_ATTEMPTED,impossible_under_constraints,,565,HONEST_IMPOSSIBLE,feasible,session_temperature,impossible_under_constraints
PROTEIN-SESSION-05,2026082993,Protein,-13,temp_minus_13,OPTIMAL,2,-2,1500,1000,3,PI-ING-001553|PI-ING-000345|PI-ING-001556,STRAWBERRIES · Fresh Fruit|BANANA · Fresh Fruit|CRANBERRY · Fresh Fruit,105|210|315,1:2:3,main-protein-fruit-combination-v2|main-protein-fruit-combination-v2|USER_HELD/UNKNOWN,FRUIT_EQUIVALENT|FRUIT_EQUIVALENT|NONE,fruit|fruit|fruit,49.5|17.1|NONE,,preview_ready,174|349|523,1:2.005747:3.005747,1:2:3,1:2.005747:3.005747,69.7333,72.53023982222221,false,READY,NOT_ATTEMPTED,NOT_SELECTED,ok,49,9,HONEST_IMPOSSIBLE,feasible,session_batch,"{""hardSafe"":false,""locksPreserved"":true,""violations"":[{""metric"":""npac"",""direction"":""low"",""value"":37.707815698757116,""band"":{""min"":48,""max"":55},""severity_points"":2.9406240860693953,""priority_rank"":2,""reason"":""npac_low""},{""metric"":""pod"",""direction"":""high"",""value"":17.90843466666667,""band"":{""min"":12,""max"":17},""severity_points"":0.3633738666666673,""priority_rank"":3,""reason"":""pod_high""},{""metric"":""water"",""direction"":""high"",""value"":69.02257666666668,""band"":{""min"":55,""max"":65},""severity_points"":0.804515333333336,""priority_rank"":4,""reason"":""water_high""},{""metric"":""total_solids"",""direction"":""low"",""value"":30.97742333333333,""band"":{""min"":35,""max"":45},""severity_points"":0.8045153333333339,""priority_rank"":4,""reason"":""total_solids_low""}]}"
