priority,required_name,exact_form,recipes,scope,required_composition_fields,required_allergens,required_process,required_price,required_serving_dose_information,responsible_party,current_status,exact_blocker
1,Egg-yolk powder — PINGÜINO Starter Pack,"Versioned dried egg-yolk powder; not fresh yolk and not a generic Mapper reference",Śmietankowe na żółtkach,Base,"product name; manufacturer; EAN/SKU if applicable; ingredients; nutrition per 100 g; moisture/water; dry matter; fat; protein; carbohydrate; sugars; salt; allergen declaration; dosage; reconstitution ratio; fresh-yolk equivalence; process/temperature instructions; package size; purchase price/kg; market/country; label/specification evidence","Exact egg declaration and may-contain statement from the product label/specification","Verified product-specific reconstitution and process/temperature instructions, including pasteurization/heat requirements","Package size and purchase price/kg with currency","Exact g/kg dose; reconstitution ratio; fresh-yolk equivalence; water removed/added during 1000 g reconciliation",PINGÜINO_CREATE_INTERNAL_STARTER_PACK,PRIORITY_1_EXTERNAL_BLOCKER,"PI-ING-001645 is only a verified generic dried-yolk Mapper composition: no exact Starter Pack product version, dosage, reconstitution/fresh-yolk equivalence, package/price or verified product process exists"
2,Neutral light wafer crumble,"Neutral dry light/thin wafer crumble suitable for post-process use",Rocero|Raphaello|Kidi Bueno,Topping,"ingredients; nutrition per 100 g; moisture; dry matter; fat; saturated fat; protein; carbohydrate; sugars; fibre; salt; piece size/texture specification","Complete declared and may-contain allergens; explicitly declare or negate wheat/gluten, milk, soy and egg from evidence","Versioned preparation, crumble size, addition stage, dose range, storage and hold-time instructions","Package size and purchase price/kg with currency","Exact g per 1000 g Base and acceptable piece-size range for each recipe",PINGÜINO_CREATE_INTERNAL_SUBPRODUCT,DATA_REQUIRED_CONSOLIDATION_UNDECIDED,"No product version proves that one composition, process, allergen statement and texture can truthfully cover all three recipe uses"
3,Roasted hazelnut pieces,"Roasted hazelnut pieces with controlled piece size; post-process Topping",Rocero|Kidi Bueno,Topping,"ingredients; nutrition per 100 g; moisture; dry matter; fat; saturated fat; protein; carbohydrate; sugars; fibre; salt; roast and piece-size specification","Exact hazelnut declaration plus complete may-contain statement from evidence","Supplier-verified roast state, cooling, addition stage, dose range, storage and hold time","Package size and purchase price/kg with currency","Exact g per 1000 g Base and piece-size range for each recipe",OWNER_UPLOAD_EXACT_RETAILER_OR_SUPPLIER_PRODUCT,PRODUCT_DATA_REQUIRED,"No exact versioned roasted-hazelnut product, label, process or dose authority exists"
4,Milk-chocolate coating/ripple,"Versioned milk-chocolate post-process inclusion suitable as coating/ripple and, only if proven, Knickers pieces",Rocero|Kidi Bueno|Knickers (conditional coverage pending),Topping,"ingredients; nutrition per 100 g; moisture; dry matter; cocoa solids; milk solids; fat; saturated fat; protein; carbohydrate; sugars; fibre; salt; viscosity/setting specification","Complete declared and may-contain allergens from evidence; do not infer soy or milk details beyond the exact label","Melting/tempering or ready-to-use instructions, application temperature, addition stage, setting behavior, dose range, storage and hold time","Package size and purchase price/kg with currency","Exact g per 1000 g Base and application dose/form for each recipe",PINGÜINO_CREATE_INTERNAL_SUBPRODUCT_OR_OWNER_UPLOAD_EXACT_PRODUCT,DATA_REQUIRED_CONSOLIDATION_UNDECIDED,"PI-ING-000118 does not prove post-process coating/ripple/pieces scope; one shared product may cover Knickers only after composition, process, allergen and texture equivalence is proven"
5,Roasted almond pieces,"Roasted almond pieces with controlled piece size; post-process Topping",Raphaello,Topping,"ingredients; nutrition per 100 g; moisture; dry matter; fat; saturated fat; protein; carbohydrate; sugars; fibre; salt; roast and piece-size specification","Exact almond declaration plus complete may-contain statement from evidence","Supplier-verified roast state, cooling, addition stage, dose range, storage and hold time","Package size and purchase price/kg with currency","Exact g per 1000 g Base and piece-size range",OWNER_UPLOAD_EXACT_RETAILER_OR_SUPPLIER_PRODUCT,PRODUCT_DATA_REQUIRED,"No exact versioned roasted-almond product, label, process or dose authority exists"
6,Dark cocoa-cookie crumble,"Dark cocoa cookie crumble formulated as a versioned post-process internal subproduct",Oreyo,Topping,"ingredients; nutrition per 100 g; moisture; dry matter; cocoa content; fat; saturated fat; protein; carbohydrate; sugars; fibre; salt; piece-size/texture specification","Complete declared and may-contain allergens; explicitly declare or negate wheat/gluten, milk, soy and egg from evidence","Versioned bake/source process, crumble preparation, addition stage, dose range, storage and hold time","Internal cost/kg or package size and purchase price/kg with currency","Exact g per 1000 g Base and piece-size range",PINGÜINO_CREATE_INTERNAL_SUBPRODUCT,PRODUCT_DATA_REQUIRED,"No complete versioned internal crumble composition, allergen declaration, process or cost exists"
7,Vanilla-cream ripple,"Versioned vanilla-cream ripple/variegate for post-process addition",Oreyo,Topping,"ingredients; nutrition per 100 g; moisture; dry matter; fat; saturated fat; protein; carbohydrate; sugars; fibre; salt; viscosity/flow specification","Complete declared and may-contain allergens from evidence; exact milk declaration if present","Versioned preparation or supplier ready-to-use process, addition temperature/stage, dose range, storage and hold time","Internal cost/kg or package size and purchase price/kg with currency","Exact g per 1000 g Base and ripple dose/application range",PINGÜINO_CREATE_INTERNAL_SUBPRODUCT,PRODUCT_DATA_REQUIRED,"No complete versioned internal ripple composition, allergen declaration, process or cost exists"
8,Roasted peanut pieces,"Roasted peanut pieces with controlled piece size; post-process Topping",Knickers,Topping,"ingredients; nutrition per 100 g; moisture; dry matter; fat; saturated fat; protein; carbohydrate; sugars; fibre; salt; roast and piece-size specification","Exact peanut declaration plus complete may-contain statement from evidence","Supplier-verified roast state, cooling, addition stage, dose range, storage and hold time","Package size and purchase price/kg with currency","Exact g per 1000 g Base and piece-size range",OWNER_UPLOAD_EXACT_RETAILER_OR_SUPPLIER_PRODUCT,PRODUCT_DATA_REQUIRED,"No exact versioned roasted-peanut product, label, process or dose authority exists"
9,Milk-chocolate pieces/coating for Knickers,"Separate versioned post-process pieces/coating only if item 4 cannot truthfully cover the Knickers form",Knickers,Topping,"ingredients; nutrition per 100 g; moisture; dry matter; cocoa solids; milk solids; fat; saturated fat; protein; carbohydrate; sugars; fibre; salt; piece/coating texture specification","Complete declared and may-contain allergens from exact evidence","Melting/tempering or ready-to-use instructions; addition stage; setting behavior; dose range; storage and hold time","Package size and purchase price/kg with currency","Exact g per 1000 g Base and pieces/coating application range",PINGÜINO_CREATE_INTERNAL_SUBPRODUCT_OR_OWNER_UPLOAD_EXACT_PRODUCT,CONDITIONAL_PENDING_CONSOLIDATION,"Item 4 equivalence is not proven. Keep this separate conditional requirement fail-closed until evidence proves either one shared version or two distinct products are truthful"
