n,seed,recipe_id,temperature,mode,sweetness,hardness,outcome,defect_class
0,1425004800,R06,-13,eco,1,2,PREVIEW,ok
1,909619968,R04,-11,eco,-1,-2,PREVIEW,ok
2,1129170944,R01,-12,eco,-1,2,PREVIEW,ok
3,1542898432,R03,-11,eco,0,-1,PREVIEW,ok
4,821190464,R08,-12,optimal,1,2,PREVIEW,ok
5,1531972096,R06,-13,optimal,-2,1,PREVIEW,ok
6,1832118336,R01,-11,optimal,0,2,PREVIEW,ok
7,276093440,R10,-12,optimal,-2,1,PREVIEW,ok
8,1788985600,R11,-11,eco,1,0,PREVIEW,ok
9,1220090880,R23,-13,optimal,-2,-1,PREVIEW,ok
10,229779008,R02,-11,optimal,-1,0,PREVIEW,ok
11,1384603264,R22,-11,eco,1,-1,PREVIEW,ok
12,420972288,R23,-13,eco,1,-1,PREVIEW,ok
13,41193472,R13,-11,eco,1,2,PREVIEW,ok
14,1188594432,R21,-12,optimal,-1,-2,PREVIEW,ok
15,949690112,R22,-13,optimal,2,-1,PREVIEW,ok
16,1200604800,R17,-12,optimal,-1,-2,PREVIEW,ok
17,845542400,R15,-12,eco,0,0,PREVIEW,ok
18,1966205760,R12,-11,eco,1,1,PREVIEW,ok
19,2068900352,R15,-12,eco,-1,-1,PREVIEW,ok
20,1293740032,R07,-11,optimal,2,1,PREVIEW,ok
21,1537491456,R04,-11,optimal,-1,2,PREVIEW,ok
22,1481122816,R06,-13,eco,-2,2,PREVIEW,ok
23,2016205824,R20,-11,optimal,-1,-1,PREVIEW,ok
24,2047165440,R24,-12,optimal,-1,2,PREVIEW,ok
25,1350617984,R08,-13,optimal,-2,-1,PREVIEW,ok
26,80954432,R20,-13,eco,-2,1,PREVIEW,ok
27,1005278464,R23,-13,optimal,2,2,PREVIEW,ok
28,1775463168,R22,-11,eco,2,-1,PREVIEW,ok
29,1182161984,R12,-13,eco,-1,0,PREVIEW,ok
30,659169088,R08,-12,eco,-1,1,PREVIEW,ok
31,70879488,R12,-12,eco,0,-2,PREVIEW,ok
32,603897600,R14,-11,optimal,0,-1,PREVIEW,ok
33,798129408,R09,-11,eco,2,-2,PREVIEW,ok
34,714139520,R04,-13,eco,0,-2,PREVIEW,ok
35,163006272,R16,-12,optimal,0,-1,PREVIEW,ok
36,1212650496,R17,-13,optimal,0,-1,PREVIEW,ok
37,2035355392,R03,-11,optimal,-1,-1,PREVIEW,ok
38,938309120,R22,-12,eco,1,-1,PREVIEW,ok
39,1054858496,R21,-11,optimal,-2,0,PREVIEW,ok
40,242143232,R20,-13,eco,1,0,PREVIEW,ok
41,559634048,R14,-12,optimal,-2,0,PREVIEW,ok
42,1120418048,R21,-11,optimal,2,2,PREVIEW,ok
43,586173440,R02,-11,optimal,2,1,PREVIEW,ok
44,256904000,R18,-11,eco,-2,-1,PREVIEW,ok
45,1206202240,R18,-12,optimal,-2,-1,PREVIEW,ok
46,898038080,R09,-13,eco,-2,2,PREVIEW,ok
47,414500608,R22,-11,optimal,2,1,PREVIEW,ok
48,2021582848,R01,-13,optimal,0,-1,PREVIEW,ok
49,211425280,R20,-12,eco,-1,0,PREVIEW,ok
50,2005464576,R19,-12,optimal,-2,0,PREVIEW,ok
51,810966528,R19,-12,eco,1,-1,PREVIEW,ok
52,1250706432,R05,-13,optimal,0,0,PREVIEW,ok
53,1397866496,R04,-12,optimal,-2,1,PREVIEW,ok
54,1223747584,R19,-11,eco,0,0,PREVIEW,ok
55,551279104,R19,-12,eco,-2,-2,PREVIEW,ok
56,2039684416,R05,-13,optimal,1,-1,PREVIEW,ok
57,1352497920,R23,-11,eco,1,-1,PREVIEW,ok
58,1424946688,R22,-12,eco,-1,1,PREVIEW,ok
59,115865856,R12,-13,eco,-1,-1,PREVIEW,ok
60,1968777408,R10,-11,optimal,-2,-2,PREVIEW,ok
61,1588697600,R20,-12,optimal,1,1,PREVIEW,ok
62,1006624000,R02,-12,optimal,2,0,PREVIEW,ok
63,1220442112,R21,-11,eco,0,2,PREVIEW,ok
64,2078543360,R16,-11,optimal,1,2,PREVIEW,ok
65,2028826880,R04,-11,optimal,-2,-1,PREVIEW,ok
66,1110295808,R12,-11,optimal,0,-1,PREVIEW,ok
67,777025536,R24,-11,eco,0,2,PREVIEW,ok
68,225018624,R03,-11,optimal,-1,1,PREVIEW,ok
69,96605696,R09,-13,eco,-2,-1,PREVIEW,ok
70,1146213120,R05,-11,optimal,0,1,PREVIEW,ok
71,129122872,R11,-13,optimal,1,1,PREVIEW,ok
72,712500480,R02,-13,optimal,2,-2,PREVIEW,ok
73,407280640,R12,-11,optimal,2,0,PREVIEW,ok
74,2061022208,R01,-12,eco,-2,-2,PREVIEW,ok
75,1562035968,R03,-13,optimal,1,0,PREVIEW,ok
76,938636032,R11,-13,eco,1,1,PREVIEW,ok
77,116182784,R07,-12,eco,2,1,PREVIEW,ok
78,1948895232,R10,-13,eco,-2,0,PREVIEW,ok
79,532745984,R19,-11,optimal,1,1,PREVIEW,ok
80,1451875136,R22,-13,optimal,2,0,PREVIEW,ok
81,349739520,R09,-13,eco,1,2,PREVIEW,ok
82,157817856,R24,-13,eco,-1,-2,PREVIEW,ok
83,1338510080,R19,-12,optimal,-1,2,PREVIEW,ok
84,1836303872,R21,-12,eco,-2,-1,PREVIEW,ok
85,2088073216,R01,-11,optimal,-1,2,PREVIEW,ok
86,962645504,R05,-12,eco,1,-2,PREVIEW,ok
87,748000768,R13,-12,eco,2,2,PREVIEW,ok
88,1479002368,R04,-13,optimal,-1,2,PREVIEW,ok
89,421487488,R06,-13,eco,0,-2,PREVIEW,ok
90,1606553088,R11,-12,optimal,-2,2,PREVIEW,ok
91,376204544,R11,-11,optimal,-1,1,PREVIEW,ok
92,779929152,R19,-11,optimal,2,1,PREVIEW,ok
93,660327552,R19,-12,eco,0,-2,PREVIEW,ok
94,74418944,R20,-13,eco,1,-2,PREVIEW,ok
95,831461632,R19,-11,eco,2,-2,PREVIEW,ok
96,1971345408,R02,-13,eco,1,0,PREVIEW,ok
97,619792384,R10,-12,eco,0,2,PREVIEW,ok
98,2033815040,R21,-11,optimal,-2,-1,PREVIEW,ok
99,1913738752,R24,-13,eco,-1,1,PREVIEW,ok
100,343698432,R18,-12,optimal,2,-2,PREVIEW,ok
101,756914944,R08,-12,eco,1,-1,PREVIEW,ok
102,1104154624,R06,-11,eco,-1,2,PREVIEW,ok
103,321380352,R14,-13,eco,0,0,PREVIEW,ok
104,1351964736,R03,-12,eco,1,-1,PREVIEW,ok
105,295242560,R16,-13,eco,-1,2,PREVIEW,ok
106,1738206520,R04,-11,optimal,1,0,PREVIEW,ok
107,996341440,R01,-12,eco,-2,-2,PREVIEW,ok
108,2002709248,R02,-11,eco,2,1,PREVIEW,ok
109,54447872,R01,-13,eco,-1,2,PREVIEW,ok
110,1835906624,R06,-12,optimal,2,-1,PREVIEW,ok
111,1969217536,R12,-13,eco,-2,0,PREVIEW,ok
112,1164374016,R22,-12,eco,1,0,PREVIEW,ok
113,1449954048,R02,-13,eco,0,1,PREVIEW,ok
114,958335328,R19,-13,eco,-2,-2,PREVIEW,ok
115,814446848,R20,-12,eco,2,-2,PREVIEW,ok
116,1587209728,R13,-11,optimal,2,-1,PREVIEW,ok
117,726180096,R18,-12,optimal,0,-1,PREVIEW,ok
118,1925729280,R04,-11,optimal,2,2,PREVIEW,ok
119,447875584,R09,-13,optimal,-2,1,PREVIEW,ok
120,158660864,R17,-11,eco,2,2,PREVIEW,ok
121,621513216,R13,-13,optimal,0,-2,PREVIEW,ok
122,1955695872,R02,-11,optimal,1,0,PREVIEW,ok
123,338205760,R02,-12,eco,0,1,PREVIEW,ok
124,1169567296,R03,-12,optimal,-1,2,PREVIEW,ok
125,1319057720,R11,-12,optimal,0,-1,PREVIEW,ok
126,1656770560,R23,-11,optimal,2,-2,PREVIEW,ok
127,1194059776,R01,-13,optimal,-2,2,PREVIEW,ok
128,1439385088,R06,-11,eco,0,1,PREVIEW,ok
129,1876415488,R06,-13,optimal,-1,-2,PREVIEW,ok
130,1946897408,R17,-11,eco,-1,1,PREVIEW,ok
131,542615296,R07,-12,optimal,1,-2,PREVIEW,ok
132,616747776,R07,-13,eco,0,1,PREVIEW,ok
133,371109888,R10,-13,eco,0,0,PREVIEW,ok
134,1199932928,R19,-11,eco,2,-1,PREVIEW,ok
135,1928670720,R14,-11,optimal,1,1,PREVIEW,ok
136,2125362432,R11,-13,eco,-2,0,PREVIEW,ok
137,1368992568,R05,-13,eco,-1,0,PREVIEW,ok
138,1488165184,R03,-13,eco,-2,0,PREVIEW,ok
139,2118340672,R13,-11,eco,0,0,PREVIEW,ok
140,982452736,R05,-11,eco,1,1,PREVIEW,ok
141,1034926848,R12,-11,optimal,0,0,PREVIEW,ok
142,1277677120,R22,-11,optimal,1,2,PREVIEW,ok
143,1706514688,R16,-13,eco,0,0,PREVIEW,ok
144,366020608,R01,-11,optimal,-1,1,PREVIEW,ok
145,627811840,R08,-13,optimal,-2,1,PREVIEW,ok
146,521012224,R06,-13,optimal,-2,-2,PREVIEW,ok
147,422852864,R05,-12,eco,-2,0,PREVIEW,ok
148,1294703616,R11,-13,eco,-1,1,PREVIEW,ok
149,1985321984,R15,-12,eco,-1,0,PREVIEW,ok
150,1646763008,R06,-13,eco,0,1,PREVIEW,ok
151,931526464,R01,-13,eco,-2,0,PREVIEW,ok
152,1066910976,R22,-11,eco,-2,1,PREVIEW,ok
153,1086155008,R09,-12,eco,1,-1,PREVIEW,ok
154,1143337728,R24,-11,optimal,1,-1,PREVIEW,ok
155,934191616,R02,-12,eco,-2,-1,PREVIEW,ok
156,638013696,R11,-11,eco,1,2,PREVIEW,ok
157,680491072,R04,-13,eco,-2,2,PREVIEW,ok
158,31173440,R12,-12,eco,1,1,PREVIEW,ok
159,1007427840,R21,-13,eco,0,-1,PREVIEW,ok
160,1851270208,R14,-13,optimal,0,1,PREVIEW,ok
161,616905728,R07,-13,eco,-2,-2,PREVIEW,ok
162,456506432,R08,-13,eco,2,2,PREVIEW,ok
163,822745344,R15,-12,eco,-2,2,PREVIEW,ok
164,608701440,R15,-12,eco,-2,0,PREVIEW,ok
165,150757176,R09,-13,optimal,-1,1,PREVIEW,ok
166,547469568,R05,-13,eco,0,-2,PREVIEW,ok
167,1436469248,R13,-13,eco,2,-2,PREVIEW,ok
168,832487936,R02,-13,eco,-1,0,PREVIEW,ok
169,193137920,R03,-12,optimal,-2,0,PREVIEW,ok
170,1674440192,R19,-13,optimal,0,-2,PREVIEW,ok
171,2122449536,R16,-11,optimal,-2,-2,PREVIEW,ok
172,982851584,R20,-13,eco,2,0,PREVIEW,ok
173,590426112,R07,-12,optimal,1,2,PREVIEW,ok
174,990426624,R05,-11,optimal,0,-2,PREVIEW,ok
175,177208384,R03,-12,optimal,2,1,PREVIEW,ok
176,706965504,R11,-12,optimal,2,1,PREVIEW,ok
177,82362368,R18,-11,optimal,0,2,PREVIEW,ok
178,1015558400,R01,-11,eco,-2,0,PREVIEW,ok
179,1674882304,R09,-13,eco,2,-2,PREVIEW,ok
180,525101368,R06,-11,eco,-2,0,PREVIEW,ok
181,847807800,R10,-12,optimal,1,-1,PREVIEW,ok
182,387069952,R18,-11,optimal,-2,1,PREVIEW,ok
183,1044485632,R09,-13,eco,-2,-1,PREVIEW,ok
184,1001439616,R01,-11,eco,0,-2,PREVIEW,ok
185,1426360576,R21,-13,optimal,0,0,PREVIEW,ok
186,556697401,R03,-13,eco,-2,-1,PREVIEW,ok
187,1571399480,R18,-12,optimal,-1,1,PREVIEW,ok
188,1916620288,R06,-12,optimal,-1,0,PREVIEW,ok
189,1906381824,R08,-12,optimal,-2,2,PREVIEW,ok
190,290555648,R21,-13,optimal,-1,1,PREVIEW,ok
191,1275601408,R07,-12,eco,2,1,PREVIEW,ok
192,1114086912,R08,-12,optimal,-1,1,PREVIEW,ok
193,98169088,R03,-12,eco,2,0,PREVIEW,ok
194,816041728,R15,-11,optimal,1,-1,PREVIEW,ok
195,642423360,R11,-11,eco,-2,1,PREVIEW,ok
196,1841932288,R05,-13,optimal,-2,0,PREVIEW,ok
197,769515520,R07,-13,eco,-2,2,PREVIEW,ok
198,1894772480,R19,-12,eco,-1,-1,PREVIEW,ok
199,465260288,R03,-11,eco,2,-2,PREVIEW,ok
200,871434752,R24,-12,optimal,1,1,PREVIEW,ok
201,459852288,R15,-12,eco,-2,2,PREVIEW,ok
202,1748332800,R16,-12,eco,0,1,PREVIEW,ok
203,1597662272,R03,-11,optimal,2,-1,PREVIEW,ok
204,1505117952,R06,-13,optimal,0,1,PREVIEW,ok
205,1940687360,R08,-11,optimal,0,2,PREVIEW,ok
206,613249792,R03,-12,eco,2,-2,PREVIEW,ok
207,302467072,R06,-11,eco,-1,-1,PREVIEW,ok
208,2094276864,R04,-13,optimal,2,2,PREVIEW,ok
209,959593472,R15,-11,optimal,2,1,PREVIEW,ok
210,1981548032,R04,-12,optimal,-2,2,PREVIEW,ok
211,660975104,R23,-12,optimal,-1,0,PREVIEW,ok
212,454174848,R16,-11,optimal,1,-2,PREVIEW,ok
213,430446080,R19,-12,optimal,0,-2,PREVIEW,ok
214,313100416,R08,-12,optimal,1,-2,PREVIEW,ok
215,651671296,R09,-11,optimal,-2,-2,PREVIEW,ok
216,443753280,R15,-12,eco,-1,2,PREVIEW,ok
217,1678447104,R18,-11,eco,-1,-2,PREVIEW,ok
218,1240787456,R19,-12,eco,1,0,PREVIEW,ok
219,530357120,R05,-13,optimal,1,-2,PREVIEW,ok
220,1561907968,R22,-12,eco,2,-2,PREVIEW,ok
221,298626880,R20,-12,eco,-1,1,PREVIEW,ok
222,919548480,R12,-13,eco,1,2,PREVIEW,ok
223,1286484736,R04,-11,eco,2,-1,PREVIEW,ok
224,232230656,R09,-12,optimal,2,1,PREVIEW,ok
225,1463699968,R09,-13,eco,2,0,PREVIEW,ok
226,1025311232,R18,-12,optimal,-1,1,PREVIEW,ok
227,136223232,R20,-13,optimal,0,2,PREVIEW,ok
228,1095073792,R19,-12,eco,-2,0,PREVIEW,ok
229,1845315072,R23,-12,eco,-2,-2,PREVIEW,ok
230,1028948224,R07,-13,optimal,1,1,PREVIEW,ok
231,1227466752,R07,-12,optimal,0,2,PREVIEW,ok
232,1080426496,R14,-11,optimal,-1,1,PREVIEW,ok
233,1336812288,R24,-13,optimal,-1,2,PREVIEW,ok
234,777619968,R03,-12,eco,2,2,PREVIEW,ok
235,2100155712,R13,-13,optimal,2,2,PREVIEW,ok
236,1532891712,R22,-11,eco,-1,0,PREVIEW,ok
237,1419460608,R21,-13,optimal,0,1,PREVIEW,ok
238,860056320,R16,-12,eco,1,-2,PREVIEW,ok
239,1056744960,R07,-13,optimal,-1,2,PREVIEW,ok
240,552363008,R10,-11,eco,-1,-1,PREVIEW,ok
241,956596992,R19,-12,eco,-2,-1,PREVIEW,ok
242,930553600,R23,-12,eco,1,0,PREVIEW,ok
243,449129984,R19,-12,optimal,0,-2,PREVIEW,ok
244,409340672,R03,-12,eco,-2,-1,PREVIEW,ok
245,1782232576,R24,-13,eco,0,0,PREVIEW,ok
246,1326390784,R19,-12,eco,-1,0,PREVIEW,ok
247,753739328,R23,-12,eco,-1,2,PREVIEW,ok
248,946026496,R11,-11,optimal,-2,0,PREVIEW,ok
249,251682816,R03,-13,optimal,0,2,PREVIEW,ok
250,1573740288,R13,-12,optimal,-1,2,PREVIEW,ok
251,1006610432,R24,-12,eco,0,1,PREVIEW,ok
252,1549654016,R19,-13,eco,2,1,PREVIEW,ok
253,2009385024,R24,-12,eco,2,0,PREVIEW,ok
254,1256845824,R04,-13,eco,-1,2,PREVIEW,ok
255,1706548480,R17,-12,optimal,2,0,PREVIEW,ok
256,1441690624,R13,-13,optimal,1,1,PREVIEW,ok
257,103535672,R23,-12,optimal,2,2,PREVIEW,ok
258,1521463616,R17,-12,optimal,-2,0,PREVIEW,ok
259,1006094336,R24,-12,optimal,2,0,PREVIEW,ok
260,1855354944,R11,-13,optimal,1,0,PREVIEW,ok
261,140497664,R10,-12,eco,2,-2,PREVIEW,ok
262,2113117696,R22,-12,optimal,0,2,PREVIEW,ok
263,328593664,R03,-13,optimal,1,1,PREVIEW,ok
264,1070726144,R21,-13,optimal,-2,-1,PREVIEW,ok
265,1763998720,R03,-11,eco,0,2,PREVIEW,ok
266,315751424,R14,-12,eco,0,0,PREVIEW,ok
267,1770809856,R20,-11,eco,-2,1,PREVIEW,ok
268,1865693440,R10,-11,optimal,1,2,PREVIEW,ok
269,639189056,R17,-12,eco,1,2,PREVIEW,ok
270,157586176,R18,-12,eco,-1,0,PREVIEW,ok
271,695182592,R17,-11,optimal,-2,-1,PREVIEW,ok
272,643652608,R14,-12,optimal,0,2,PREVIEW,ok
273,361651200,R21,-12,eco,0,0,PREVIEW,ok
274,705682944,R11,-12,optimal,2,1,PREVIEW,ok
275,208345984,R22,-13,eco,-1,-2,PREVIEW,ok
276,655703296,R10,-11,optimal,-2,-1,PREVIEW,ok
277,776558592,R14,-11,optimal,0,1,PREVIEW,ok
278,1385206528,R06,-13,optimal,2,2,PREVIEW,ok
279,1385432576,R20,-11,eco,1,2,PREVIEW,ok
280,1330727168,R20,-13,optimal,1,-2,PREVIEW,ok
281,1742782464,R24,-12,eco,2,-1,PREVIEW,ok
282,713773056,R10,-13,eco,-1,-1,PREVIEW,ok
283,271391232,R21,-11,optimal,-2,-1,PREVIEW,ok
284,1710948664,R12,-13,optimal,0,0,PREVIEW,ok
285,78928640,R03,-13,optimal,2,-1,PREVIEW,ok
286,1920653568,R17,-11,optimal,-1,1,PREVIEW,ok
287,1056208128,R01,-13,optimal,0,0,PREVIEW,ok
288,241240960,R14,-11,eco,1,-2,PREVIEW,ok
289,1979904512,R05,-12,eco,1,-2,PREVIEW,ok
290,1392502016,R16,-13,eco,0,-1,PREVIEW,ok
291,1064251392,R21,-11,optimal,-2,1,PREVIEW,ok
292,355032512,R01,-13,eco,-2,-2,PREVIEW,ok
293,1270207872,R18,-11,eco,2,-2,PREVIEW,ok
294,2005520128,R13,-11,eco,-1,-1,PREVIEW,ok
295,1489111552,R24,-11,optimal,2,-2,PREVIEW,ok
296,1005568576,R08,-11,eco,-1,2,PREVIEW,ok
297,1157694208,R03,-13,eco,1,-2,PREVIEW,ok
298,2105198912,R01,-13,optimal,2,2,PREVIEW,ok
299,1909079808,R12,-13,optimal,-2,0,PREVIEW,ok
300,1971454080,R15,-13,eco,-1,-2,PREVIEW,ok
301,128701184,R02,-11,optimal,1,1,PREVIEW,ok
302,356004152,R16,-11,optimal,2,-1,PREVIEW,ok
303,767532800,R22,-11,eco,0,-2,PREVIEW,ok
304,742763008,R17,-13,eco,-2,0,PREVIEW,ok
305,131907584,R03,-12,optimal,2,2,PREVIEW,ok
306,2014941952,R06,-11,optimal,-2,1,PREVIEW,ok
307,386953024,R06,-13,optimal,1,0,PREVIEW,ok
308,2133492992,R06,-13,optimal,0,2,PREVIEW,ok
309,1833681664,R23,-12,optimal,2,0,PREVIEW,ok
310,379281152,R22,-13,eco,-1,2,PREVIEW,ok
311,1184127232,R22,-13,eco,-2,-1,PREVIEW,ok
312,1381668864,R05,-12,eco,1,2,PREVIEW,ok
313,2012514304,R12,-11,optimal,0,-1,PREVIEW,ok
314,545942016,R13,-11,eco,-1,-2,PREVIEW,ok
315,910510592,R01,-13,eco,2,1,PREVIEW,ok
316,1409848576,R22,-13,optimal,2,1,PREVIEW,ok
317,1671761664,R07,-11,optimal,-2,1,PREVIEW,ok
318,808980672,R16,-13,optimal,-2,-2,PREVIEW,ok
319,900024832,R16,-12,eco,0,-2,PREVIEW,ok
320,1110821376,R21,-13,optimal,-2,0,PREVIEW,ok
321,712270464,R16,-11,optimal,-2,-2,PREVIEW,ok
322,1985836032,R11,-13,eco,0,2,PREVIEW,ok
323,47297024,R05,-13,optimal,2,1,PREVIEW,ok
324,1382551552,R13,-11,eco,-2,-2,PREVIEW,ok
325,773840896,R09,-12,optimal,0,2,PREVIEW,ok
326,1052047360,R05,-11,optimal,2,2,PREVIEW,ok
327,1587127808,R08,-12,eco,-2,0,PREVIEW,ok
328,2119002496,R24,-13,eco,-1,-1,PREVIEW,ok
329,1531649024,R23,-12,optimal,0,-1,PREVIEW,ok
330,102082816,R20,-11,optimal,-1,-2,PREVIEW,ok
331,658436608,R20,-11,optimal,0,0,PREVIEW,ok
332,843748672,R03,-12,eco,2,-1,PREVIEW,ok
333,1333647232,R16,-12,optimal,2,-2,PREVIEW,ok
334,1793540608,R18,-12,eco,0,1,PREVIEW,ok
335,646194432,R02,-13,eco,1,2,PREVIEW,ok
336,1264890112,R14,-13,optimal,0,2,PREVIEW,ok
337,970301440,R09,-12,eco,1,-2,PREVIEW,ok
338,2143044352,R23,-11,optimal,1,1,PREVIEW,ok
339,506683904,R04,-13,optimal,-1,-2,PREVIEW,ok
340,2013294912,R15,-13,eco,-2,-1,PREVIEW,ok
341,353463808,R04,-13,eco,-1,-1,PREVIEW,ok
342,1772922176,R18,-13,eco,1,2,PREVIEW,ok
343,1781060352,R08,-11,optimal,-2,0,PREVIEW,ok
344,632756224,R17,-12,optimal,2,2,PREVIEW,ok
345,455897152,R20,-13,optimal,-1,2,PREVIEW,ok
346,177172736,R09,-11,eco,0,1,PREVIEW,ok
347,2088782393,R05,-12,eco,-1,0,PREVIEW,ok
348,1131832064,R23,-13,optimal,0,-2,PREVIEW,ok
349,686037504,R18,-12,optimal,0,-2,PREVIEW,ok
350,243031296,R01,-11,optimal,2,-1,PREVIEW,ok
351,642993920,R24,-12,eco,-2,0,PREVIEW,ok
352,1407705344,R15,-11,optimal,1,0,PREVIEW,ok
353,1801581824,R20,-13,optimal,-1,-1,PREVIEW,ok
354,1749996160,R03,-12,optimal,2,-2,PREVIEW,ok
355,1124413504,R12,-12,eco,2,1,PREVIEW,ok
356,1221608192,R09,-13,eco,0,2,PREVIEW,ok
357,1195735552,R14,-12,eco,2,-2,PREVIEW,ok
358,835777024,R18,-13,optimal,1,0,PREVIEW,ok
359,1949799424,R03,-13,eco,-2,0,PREVIEW,ok
360,1300724736,R19,-13,eco,-2,1,PREVIEW,ok
361,707433984,R10,-13,optimal,-2,2,PREVIEW,ok
362,340511232,R22,-11,eco,-1,1,PREVIEW,ok
363,1416430592,R23,-13,optimal,1,2,PREVIEW,ok
364,241672960,R13,-13,eco,-2,0,PREVIEW,ok
365,381371648,R14,-11,eco,1,-1,PREVIEW,ok
366,1239417088,R06,-12,optimal,-1,0,PREVIEW,ok
367,1268421952,R24,-13,eco,1,-1,PREVIEW,ok
368,1041094400,R23,-12,eco,1,-2,PREVIEW,ok
369,1609763648,R21,-11,optimal,-1,0,PREVIEW,ok
370,836219392,R18,-13,eco,1,-2,PREVIEW,ok
371,34804224,R06,-11,optimal,1,0,PREVIEW,ok
372,562262528,R06,-12,eco,0,0,PREVIEW,ok
373,1288370176,R24,-11,optimal,1,-2,PREVIEW,ok
374,571407104,R17,-12,optimal,1,0,PREVIEW,ok
375,1059424064,R10,-13,eco,-2,0,PREVIEW,ok
376,1807348992,R09,-12,eco,-1,1,PREVIEW,ok
377,1086169920,R01,-12,eco,-1,2,PREVIEW,ok
378,1504936448,R18,-12,eco,1,-1,PREVIEW,ok
379,1411560704,R21,-12,eco,1,-2,PREVIEW,ok
380,72551040,R19,-11,optimal,0,0,PREVIEW,ok
381,74050944,R13,-13,eco,0,-2,PREVIEW,ok
382,2111947064,R17,-13,optimal,2,1,PREVIEW,ok
383,807281152,R03,-12,optimal,2,2,PREVIEW,ok
384,169212160,R23,-11,eco,-1,-2,PREVIEW,ok
385,1686596608,R04,-11,optimal,1,1,PREVIEW,ok
386,641922816,R05,-12,eco,1,1,PREVIEW,ok
387,573885184,R12,-13,optimal,0,-1,PREVIEW,ok
388,1421903616,R08,-13,optimal,2,-1,PREVIEW,ok
389,1115828800,R08,-12,eco,-2,0,PREVIEW,ok
390,1437374464,R05,-11,optimal,-2,0,PREVIEW,ok
391,714492416,R07,-13,optimal,-1,-2,PREVIEW,ok
392,1708458496,R08,-13,eco,1,2,PREVIEW,ok
393,1920937280,R15,-13,optimal,0,1,PREVIEW,ok
394,607728704,R12,-13,eco,1,0,PREVIEW,ok
395,322212352,R01,-11,optimal,2,0,PREVIEW,ok
396,716925184,R06,-11,optimal,0,1,PREVIEW,ok
397,384255232,R01,-13,optimal,1,2,PREVIEW,ok
398,1921086976,R05,-12,eco,-2,-1,PREVIEW,ok
399,682679808,R23,-12,eco,1,1,PREVIEW,ok
400,266961152,R21,-12,optimal,1,-2,PREVIEW,ok
401,1138136888,R10,-12,optimal,-1,1,PREVIEW,ok
402,1388990080,R22,-11,eco,0,-2,PREVIEW,ok
403,1934944056,R06,-11,optimal,2,2,PREVIEW,ok
404,1486910464,R02,-11,eco,-1,0,PREVIEW,ok
405,1235604480,R17,-13,eco,2,-1,PREVIEW,ok
406,329860928,R17,-12,optimal,1,2,PREVIEW,ok
407,1379019520,R15,-11,eco,2,0,PREVIEW,ok
408,434233344,R02,-12,optimal,1,-1,PREVIEW,ok
409,77104640,R05,-13,eco,2,2,PREVIEW,ok
410,81669120,R04,-11,eco,-2,2,PREVIEW,ok
411,846656064,R15,-11,eco,0,1,PREVIEW,ok
412,1937942528,R17,-12,eco,-1,-2,PREVIEW,ok
413,1793906688,R21,-13,eco,-1,1,PREVIEW,ok
414,495962112,R13,-12,optimal,2,1,PREVIEW,ok
415,20319744,R04,-12,eco,1,-1,PREVIEW,ok
416,551968320,R16,-13,eco,2,2,PREVIEW,ok
417,397657088,R17,-13,eco,1,-1,PREVIEW,ok
418,1547878368,R22,-11,eco,-2,-2,PREVIEW,ok
419,339538176,R20,-12,optimal,-2,0,PREVIEW,ok
420,1317397632,R05,-11,optimal,-1,-1,PREVIEW,ok
421,1216488704,R23,-11,eco,2,-2,PREVIEW,ok
422,852326144,R07,-11,optimal,2,-2,PREVIEW,ok
423,977827328,R14,-13,optimal,1,-1,PREVIEW,ok
424,345234944,R08,-13,optimal,1,2,PREVIEW,ok
425,95206208,R01,-11,eco,-2,-1,PREVIEW,ok
426,2114804992,R06,-13,optimal,2,-1,PREVIEW,ok
427,888760320,R09,-13,eco,2,0,PREVIEW,ok
428,1524287104,R24,-12,optimal,2,-2,PREVIEW,ok
429,1675424768,R18,-12,optimal,0,2,PREVIEW,ok
430,101097472,R03,-13,optimal,2,1,PREVIEW,ok
431,2007801600,R17,-12,optimal,-1,0,PREVIEW,ok
432,612759040,R02,-12,optimal,0,2,PREVIEW,ok
433,165345536,R07,-13,eco,1,-2,PREVIEW,ok
434,218598912,R01,-13,eco,2,-1,PREVIEW,ok
435,769344768,R09,-13,eco,-1,1,PREVIEW,ok
436,750747712,R10,-11,eco,-1,-1,PREVIEW,ok
437,142004736,R17,-13,eco,-1,1,PREVIEW,ok
438,1041471744,R11,-13,optimal,-1,1,PREVIEW,ok
439,2090213376,R12,-12,optimal,-1,2,PREVIEW,ok
440,498142776,R02,-13,optimal,2,2,PREVIEW,ok
441,1734009920,R15,-11,optimal,2,2,PREVIEW,ok
442,1482555904,R24,-12,optimal,-2,1,PREVIEW,ok
443,593730048,R16,-12,optimal,0,0,PREVIEW,ok
444,194494464,R02,-11,eco,0,2,PREVIEW,ok
445,846584320,R09,-12,eco,0,-2,PREVIEW,ok
446,1279359232,R01,-12,optimal,-2,0,PREVIEW,ok
447,95786240,R01,-13,optimal,2,-1,PREVIEW,ok
448,1599011584,R24,-13,optimal,-1,2,PREVIEW,ok
449,790404608,R14,-11,optimal,-2,1,PREVIEW,ok
450,1598308736,R24,-12,optimal,0,-1,PREVIEW,ok
451,1483422336,R01,-11,eco,2,-2,PREVIEW,ok
452,897007872,R04,-11,optimal,-2,0,PREVIEW,ok
453,793695552,R18,-13,eco,2,-1,PREVIEW,ok
454,107241216,R17,-11,eco,0,-1,PREVIEW,ok
455,2109718080,R14,-12,optimal,-1,2,PREVIEW,ok
456,1676280128,R18,-12,eco,-2,0,PREVIEW,ok
457,40306176,R03,-12,optimal,-2,-2,PREVIEW,ok
458,212105024,R03,-12,optimal,-1,2,PREVIEW,ok
459,762938432,R23,-12,eco,0,0,PREVIEW,ok
460,795141632,R21,-12,eco,-2,1,PREVIEW,ok
461,1027252480,R16,-13,optimal,1,0,PREVIEW,ok
462,239056192,R22,-13,optimal,-1,0,PREVIEW,ok
463,1620818496,R20,-13,eco,1,0,PREVIEW,ok
464,1031730176,R19,-13,optimal,-1,-1,PREVIEW,ok
465,1278254848,R05,-12,eco,0,0,PREVIEW,ok
466,812100352,R12,-12,eco,-1,0,PREVIEW,ok
467,1243653120,R22,-11,optimal,1,1,PREVIEW,ok
468,1557859072,R17,-11,optimal,-2,1,PREVIEW,ok
469,1867816888,R14,-13,optimal,-1,-1,PREVIEW,ok
470,1031384064,R22,-11,optimal,0,0,PREVIEW,ok
471,711791616,R14,-13,eco,0,-2,PREVIEW,ok
472,1364035328,R13,-13,optimal,-1,0,PREVIEW,ok
473,10903552,R08,-11,optimal,0,-2,PREVIEW,ok
474,770373120,R11,-12,optimal,-2,1,PREVIEW,ok
475,528741440,R20,-11,eco,-2,2,PREVIEW,ok
476,654749184,R14,-11,eco,1,-1,PREVIEW,ok
477,1778815232,R12,-12,optimal,0,-2,PREVIEW,ok
478,1024156928,R15,-13,eco,2,0,PREVIEW,ok
479,1856295744,R04,-13,eco,-2,-1,PREVIEW,ok
480,600273408,R23,-13,eco,-1,0,PREVIEW,ok
481,1921735936,R09,-13,optimal,0,0,PREVIEW,ok
482,835150080,R08,-13,eco,-1,2,PREVIEW,ok
483,926905600,R23,-13,optimal,0,2,PREVIEW,ok
484,2119659264,R17,-11,eco,-2,0,PREVIEW,ok
485,1748687680,R14,-11,optimal,-2,-2,PREVIEW,ok
486,1347262976,R07,-11,eco,1,2,PREVIEW,ok
487,559518272,R22,-12,optimal,-1,0,PREVIEW,ok
488,1178348864,R18,-13,eco,0,1,PREVIEW,ok
489,233452544,R24,-13,eco,0,1,PREVIEW,ok
490,1714124032,R01,-11,eco,-1,0,PREVIEW,ok
491,1162048512,R12,-12,eco,1,-1,PREVIEW,ok
492,362350080,R13,-11,eco,2,-1,PREVIEW,ok
493,1520082176,R23,-13,eco,-1,1,PREVIEW,ok
494,1384508416,R06,-12,eco,1,0,PREVIEW,ok
495,1607581496,R23,-13,optimal,-1,-1,PREVIEW,ok
496,2114270208,R16,-13,optimal,0,-1,PREVIEW,ok
497,1860015104,R23,-13,eco,2,-1,PREVIEW,ok
498,479435264,R09,-11,optimal,2,1,PREVIEW,ok
499,1101797376,R12,-11,optimal,1,0,PREVIEW,ok
500,726023552,R23,-12,optimal,-2,-1,PREVIEW,ok
501,294385664,R19,-11,eco,-1,-1,PREVIEW,ok
502,617568000,R21,-13,optimal,-1,1,PREVIEW,ok
503,309123328,R07,-11,eco,-2,2,PREVIEW,ok
504,1580841728,R17,-13,eco,-2,1,PREVIEW,ok
505,1654661632,R17,-13,eco,-2,-2,PREVIEW,ok
506,1149835264,R04,-13,optimal,0,0,PREVIEW,ok
507,44609536,R01,-13,eco,0,2,PREVIEW,ok
508,29020160,R08,-11,optimal,-1,0,PREVIEW,ok
509,251450880,R02,-12,optimal,2,2,PREVIEW,ok
510,395397240,R21,-12,optimal,-1,-1,PREVIEW,ok
511,658739456,R16,-12,eco,-2,0,PREVIEW,ok
512,429755648,R22,-12,eco,0,-2,PREVIEW,ok
513,1346294528,R23,-11,optimal,1,1,PREVIEW,ok
514,384390720,R01,-13,eco,-2,2,PREVIEW,ok
515,23534656,R15,-13,eco,2,0,PREVIEW,ok
516,2013498496,R06,-11,optimal,-1,-2,PREVIEW,ok
517,235628864,R17,-11,eco,2,-1,PREVIEW,ok
518,547041024,R06,-13,eco,-2,0,PREVIEW,ok
519,279402752,R01,-11,optimal,0,1,PREVIEW,ok
