ean,roles,product,v7_markets,confirmed_markets,confirmed,not_confirmed,a04_status,rcn
8588006139983,DEXTROSE,"Декстроза - GymBeam, bez dodatków smakowych",7,6,CZ(CCTLD/RAW_HTML);HR(CCTLD/RAW_HTML);HU(CCTLD/RAW_HTML);RO(CCTLD/RAW_HTML);SI(CCTLD/RAW_HTML);SK(CCTLD/RAW_HTML),BG:SOURCE_NOT_READABLE,CONFIRMED_MULTI_COUNTRY,NO
5709286720064,DEXTROSE,Urtegaarden Druesukker 500 g,3,3,DK(CCTLD/RAW_HTML);NO(CCTLD/RAW_HTML);SE(CCTLD/RAW_HTML),,CONFIRMED_MULTI_COUNTRY,NO
4744130012590,DEXTROSE,"ICONFIT Dextro, czysta dekstroza w proszku",3,3,EE(CCTLD/RAW_HTML);LT(CCTLD/RAW_HTML);LV(CCTLD/RAW_HTML),,CONFIRMED_MULTI_COUNTRY,NO
8718907237888,CREAM,AH Slagroom houdbaar 30% 200 ml,2,2,BE(CCTLD/BROWSER_DOM);NL(CCTLD/BROWSER_DOM),,CONFIRMED_MULTI_COUNTRY,NO
5709310050303,MILK,"Arla Sødmælk 3,5% UHT 1 L",2,2,DK(CCTLD/RAW_HTML);SE(CCTLD/RAW_HTML),,CONFIRMED_MULTI_COUNTRY,NO
5900820000455,CREAM,Łaciata Śmietanka UHT 30% 500 ml,2,2,GB(PATH_LOCALE/RAW_HTML);IE(CCTLD/RAW_HTML),,CONFIRMED_MULTI_COUNTRY,NO
8585002501837,CREAM,Meggle Frișcă lichidă UHT 30%,2,2,HU(CCTLD/BROWSER_DOM);RO(CCTLD/RAW_HTML),,CONFIRMED_MULTI_COUNTRY,NO
3412290032215,CREAM,Paysan Breton La Crème Pâtisserie & Cuisine UHT 30%,9,1,KR(CURRENCY/RAW_HTML),AE:PAGE_WITHOUT_EAN;DZ:PAGE_WITHOUT_EAN;KW:PAGE_WITHOUT_EAN;QA:PAGE_WITHOUT_EAN;SA:PAGE_WITHOUT_EAN;SG:MARKET_PAGE_WITHOUT_EAN;TH:PAGE_WITHOUT_EAN;TN:PAGE_WITHOUT_EAN,ONE_MARKET_CONFIRMED,NO
5701215046375,CREAM,Emborg Natural Whipping Cream UHT 35.1% 200 ml,9,1,KE(CCTLD/RAW_HTML),GH:EAN_ON_GENERIC_TLD_PAGE;HK:MARKET_PAGE_WITHOUT_EAN;ID:EAN_ON_GENERIC_TLD_PAGE;MY:EAN_ON_GENERIC_TLD_PAGE;NG:EAN_ON_GENERIC_TLD_PAGE;PA:EAN_ON_GENERIC_TLD_PAGE;PH:EAN_ON_GENERIC_TLD_PAGE;VN:EAN_ON_GENERIC_TLD_PAGE,ONE_MARKET_CONFIRMED,NO
9317127061786,DEXTROSE,Lotus Glucose Powder (Dextrose) 500g,2,1,AU(CCTLD/RAW_HTML),NZ:EAN_ON_FOREIGN_MARKET_PAGE,ONE_MARKET_CONFIRMED,NO
4250573301738,DEXTROSE,Dextrose monohydrat Pulver 5 kg,2,1,DE(CCTLD/RAW_HTML),AT:EAN_ON_FOREIGN_MARKET_PAGE,ONE_MARKET_CONFIRMED,NO
6408430840625,SMP,Valio rasvaton maitojauhe instant 400 g,2,1,FI(CCTLD/RAW_HTML),EE:EAN_ON_FOREIGN_MARKET_PAGE,ONE_MARKET_CONFIRMED,NO
5060113910714,SMP,Milfresh Gold Superior Granulated Skimmed Milk 500 g,2,1,GB(CCTLD/RAW_HTML),IE:EAN_ON_FOREIGN_MARKET_PAGE,ONE_MARKET_CONFIRMED,NO
3838800040578,MILK,"Alpsko trajno mlijeko 3,5% m.m. 1 l",2,1,SI(CCTLD/RAW_HTML),HR:MARKET_PAGE_WITHOUT_EAN,ONE_MARKET_CONFIRMED,NO
3043939531112,SMP,Instant Skimmed Milk Powder With 0% Fat,2,1,MT(CCTLD/RAW_HTML),CY:MARKET_PAGE_WITHOUT_EAN,ONE_MARKET_CONFIRMED,NO
9556958338807,SMP,Sunlac Low Fat Instant Skim Milk Powder,2,1,MY(CCTLD/RAW_HTML),ID:EAN_ON_GENERIC_TLD_PAGE,ONE_MARKET_CONFIRMED,NO
4955447100416,MILK,Hokkaido Hidaka 3.6 Long Life Milk 200 ml,2,1,TW(CCTLD/RAW_HTML),JP:EAN_ON_GENERIC_TLD_PAGE,ONE_MARKET_CONFIRMED,NO
3043931691418,SMP,Régilait Instant Skimmed Milk Powder 0% Fat,2,1,QA(CCTLD/RAW_HTML),KW:EAN_ON_FOREIGN_MARKET_PAGE,ONE_MARKET_CONFIRMED,NO
4770265041259,MILK,"Pienas MŪ UAT 3,5% rieb. 1 l",2,1,LT(CCTLD/RAW_HTML),LV:EAN_ON_FOREIGN_MARKET_PAGE,ONE_MARKET_CONFIRMED,NO
8055728540170,TARA,Tara Gum 50gr. / Gomma di Tara E417,28,0,,AT:EAN_ON_GENERIC_TLD_PAGE;AU:EAN_ON_GENERIC_TLD_PAGE;BE:EAN_ON_GENERIC_TLD_PAGE;BG:EAN_ON_GENERIC_TLD_PAGE;CH:EAN_ON_GENERIC_TLD_PAGE;CY:EAN_ON_GENERIC_TLD_PAGE;DE:EAN_ON_GENERIC_TLD_PAGE;EE:EAN_ON_GENERIC_TLD_PAGE;ES:EAN_ON_GENERIC_TLD_PAGE;FI:EAN_ON_GENERIC_TLD_PAGE;FR:EAN_ON_GENERIC_TLD_PAGE;GB:EAN_ON_GENERIC_TLD_PAGE;HK:EAN_ON_GENERIC_TLD_PAGE;HR:EAN_ON_GENERIC_TLD_PAGE;HU:EAN_ON_GENERIC_TLD_PAGE;IE:EAN_ON_GENERIC_TLD_PAGE;IT:EAN_ON_GENERIC_TLD_PAGE;KR:EAN_ON_GENERIC_TLD_PAGE;LU:EAN_ON_GENERIC_TLD_PAGE;LV:EAN_ON_GENERIC_TLD_PAGE;MT:EAN_ON_GENERIC_TLD_PAGE;NL:EAN_ON_GENERIC_TLD_PAGE;NZ:EAN_ON_GENERIC_TLD_PAGE;PT:EAN_ON_GENERIC_TLD_PAGE;RO:EAN_ON_GENERIC_TLD_PAGE;SE:EAN_ON_GENERIC_TLD_PAGE;SI:EAN_ON_GENERIC_TLD_PAGE;TW:EAN_ON_GENERIC_TLD_PAGE,NOT_CONFIRMED,NO
819543011967,TARA,Tara Gum — Home 50g,14,0,,AE:EAN_ON_GENERIC_TLD_PAGE;BD:EAN_ON_GENERIC_TLD_PAGE;BH:EAN_ON_GENERIC_TLD_PAGE;CO:EAN_ON_GENERIC_TLD_PAGE;CR:EAN_ON_GENERIC_TLD_PAGE;DO:EAN_ON_GENERIC_TLD_PAGE;IL:EAN_ON_GENERIC_TLD_PAGE;IS:EAN_ON_GENERIC_TLD_PAGE;KW:EAN_ON_GENERIC_TLD_PAGE;OM:EAN_ON_GENERIC_TLD_PAGE;PA:EAN_ON_GENERIC_TLD_PAGE;PH:EAN_ON_GENERIC_TLD_PAGE;QA:EAN_ON_GENERIC_TLD_PAGE;US:EAN_ON_GENERIC_TLD_PAGE,NOT_CONFIRMED,NO
733739058324,SMP,NOW Real Food Organic Non-Fat Dry Milk Powder,13,0,,BD:EAN_ON_GENERIC_TLD_PAGE;DZ:EAN_ON_GENERIC_TLD_PAGE;EG:EAN_ON_GENERIC_TLD_PAGE;GH:EAN_ON_GENERIC_TLD_PAGE;KE:EAN_ON_GENERIC_TLD_PAGE;LK:EAN_ON_GENERIC_TLD_PAGE;MA:EAN_ON_GENERIC_TLD_PAGE;MX:EAN_ON_GENERIC_TLD_PAGE;NG:EAN_ON_GENERIC_TLD_PAGE;OM:EAN_ON_GENERIC_TLD_PAGE;PA:EAN_ON_GENERIC_TLD_PAGE;PK:EAN_ON_GENERIC_TLD_PAGE;TN:EAN_ON_GENERIC_TLD_PAGE,NOT_CONFIRMED,NO
9300639999005,SMP,Devondale Instant Skim Milk Powder,4,0,,AU:MARKET_PAGE_WITHOUT_EAN;CN:PAGE_WITHOUT_EAN;HK:EAN_ON_MARKETPLACE_MARKET_PAGE;PH:MARKET_PAGE_WITHOUT_EAN,NOT_CONFIRMED,NO
711221973058,TARA,Cape Crystal Brands Tara Gum Powder,4,0,,GH:EAN_ON_GENERIC_TLD_PAGE;NG:EAN_ON_GENERIC_TLD_PAGE;SA:EAN_ON_GENERIC_TLD_PAGE;TN:EAN_ON_GENERIC_TLD_PAGE,NOT_CONFIRMED,NO
3043931692415,SMP,Régilait Instant Skimmed Milk Powder 0% Fat,3,0,,AE:EAN_ON_MARKETPLACE_MARKET_PAGE;BH:EAN_ON_FOREIGN_MARKET_PAGE;SA:EAN_ON_FOREIGN_MARKET_PAGE,NOT_CONFIRMED,NO
5700426230177,CREAM,Puck Whipping Cream UHT,3,0,,BH:EAN_ON_FOREIGN_MARKET_PAGE;LK:EAN_ON_FOREIGN_MARKET_PAGE;OM:EAN_ON_FOREIGN_MARKET_PAGE,NOT_CONFIRMED,NO
8050246530061,DEXTROSE,Destrosio Monoidrato 1kg,2,0,,IT:EAN_ON_GENERIC_TLD_PAGE;MT:EAN_ON_GENERIC_TLD_PAGE,NOT_CONFIRMED,NO
6281007040235,MILK,Almarai Fresh Milk Full Fat 1 L,2,0,,KW:EAN_ON_GENERIC_TLD_PAGE;SA:EAN_ON_GENERIC_TLD_PAGE,NOT_CONFIRMED,NO
5711953072352,MILK,Organic Milk Full Fat 200ml,2,0,,BH:EAN_ON_FOREIGN_MARKET_PAGE;QA:EAN_ON_FOREIGN_MARKET_PAGE,NOT_CONFIRMED,NO
3161911703385,CREAM,Elle & Vire Professionnel Excellence Whipping Cream UHT 35%,2,0,,EG:EAN_ONLY_ECHOED_FROM_URL_OR_QUERY;IN:EAN_ONLY_ECHOED_FROM_URL_OR_QUERY,NOT_CONFIRMED,NO
5701215046832,MILK,Emborg Full Cream Milk 3.5% 1L,2,0,,MY:EAN_ON_GENERIC_TLD_PAGE;PH:EAN_ON_GENERIC_TLD_PAGE,NOT_CONFIRMED,NO
5901432003261,CREAM,Meadow Star UHT whipping cream 30%,2,0,,LT:MARKET_PAGE_WITHOUT_EAN;LV:MARKET_PAGE_WITHOUT_EAN,NOT_CONFIRMED,NO
8410285127347,MILK,Lait de vache stérilisé UHT entier 3.5% M.G. 1L,2,0,,MA:EAN_ON_GENERIC_TLD_PAGE;VN:EAN_ON_GENERIC_TLD_PAGE,NOT_CONFIRMED,NO
