ean,n_markets,markets,roles,products,v7_statuses,source_urls
8055728540170,28,AT;AU;BE;BG;CH;CY;DE;EE;ES;FI;FR;GB;HK;HR;HU;IE;IT;KR;LU;LV;MT;NL;NZ;PT;RO;SE;SI;TW,TARA,SaporePuro Farina di Semi di Tara / Gomma di Tara E417 || Tara Gum 50gr. / Gomma di Tara E417,KANDYDAT_PR,"https://bakingwarehouse.com/products/tara-gum-50gr-saporepuro
https://bakingwarehouse.com/pages/worldwide-shipping
https://saporepuro.myshopify.com/products/farina-di-semi-di-tara-gomma-di-tara-origine-peru-e417-confezionato-in-italia-1
https://saporepuro.myshopify.com/products/farina-di-semi-di-tara-gomma-di-tara-origine-peru-e417-confezionato-in-italia-1.json
https://saporepuro.myshopify.com/cdn/shop/files/TDS_GOMMA_DI_TARA_SAPOREPURO_7ba2d8ce-553c-4b18-8d0a-b511a78af3f0.pdf?v=6266750854494086058
https://saporepuro.com/products/farina-di-semi-di-tara-gomma-di-tara-origine-peru-e417-confezionato-in-italia-1.json || https://bakingwarehouse.com/products/tara-gum-50gr-saporepuro
https://bakingwarehouse.com/pages/worldwide-shipping
https://saporepuro.myshopify.com/products/farina-di-semi-di-tara-gomma-di-tara-origine-peru-e417-confezionato-in-italia-1
https://saporepuro.myshopify.com/products/farina-di-semi-di-tara-gomma-di-tara-origine-peru-e417-confezionato-in-italia-1.json
https://saporepuro.myshopify.com/cdn/shop/files/TDS_GOMMA_DI_TARA_SAPOREPURO_7ba2d8ce-553c-4b18-8d0a-b511a78af3f0.pdf?v=6266750854494086058
https://thesourcery.co.nz/products/tara-gum
https://saporepuro.com/products/farina-di-semi-di-tara-gomma-di-tara-origine-peru-e417-confezionato-in-italia-1.json || https://bakingwarehouse.com/products/tara-gum-50gr-saporepuro
https://bakingwarehouse.com/pages/worldwide-shipping
https://saporepuro.myshopify.com/products/farina-di-semi-di-tara-gomma-di-tara-origine-peru-e417-confezionato-in-italia-1
https://saporepuro.myshopify.com/products/farina-di-semi-di-tara-gomma-di-tara-origine-peru-e417-confezionato-in-italia-1.json
https://saporepuro.myshopify.com/cdn/shop/files/TDS_GOMMA_DI_TARA_SAPOREPURO_7ba2d8ce-553c-4b18-8d0a-b511a78af3f0.pdf?v=6266750854494086058
https://www.melbournefooddepot.com/buy/tara-gum-powder-120g/F05064
https://saporepuro.com/products/farina-di-semi-di-tara-gomma-di-tara-origine-peru-e417-confezionato-in-italia-1.json || https://saporepuro.com/products/farina-di-semi-di-tara-gomma-di-tara-origine-peru-e417-confezionato-in-italia-1
https://saporepuro.com/cdn/shop/files/TDS_GOMMA_DI_TARA_SAPOREPURO_7ba2d8ce-553c-4b18-8d0a-b511a78af3f0.pdf?v=6266750854494086058
https://saporepuro.com/policies/shipping-policy
https://ferreralimentacion.com/pt-pt/producto/goma-tara/
https://saporepuro.com/products/farina-di-semi-di-tara-gomma-di-tara-origine-peru-e417-confezionato-in-italia-1.json || https://saporepuro.com/products/farina-di-semi-di-tara-gomma-di-tara-origine-peru-e417-confezionato-in-italia-1
https://saporepuro.com/cdn/shop/files/TDS_GOMMA_DI_TARA_SAPOREPURO_7ba2d8ce-553c-4b18-8d0a-b511a78af3f0.pdf?v=6266750854494086058
https://saporepuro.com/policies/shipping-policy
https://gourmetshop.hr/hrana/teksture/gelifikatori/tara-gumi-sosa
https://panierdeschefs.eu/en/index.php?controller=attachment&id_attachment=338
https://saporepuro.com/products/farina-di-semi-di-tara-gomma-di-tara-origine-peru-e417-confezionato-in-italia-1.json || https://saporepuro.com/products/farina-di-semi-di-tara-gomma-di-tara-origine-peru-e417-confezionato-in-italia-1
https://saporepuro.com/cdn/shop/files/TDS_GOMMA_DI_TARA_SAPOREPURO_7ba2d8ce-553c-4b18-8d0a-b511a78af3f0.pdf?v=6266750854494086058
https://saporepuro.com/policies/shipping-policy
https://gourmetshop.si/zivila/teksture/gelifikanti/tara-gumi-sosa
https://panierdeschefs.eu/en/index.php?controller=attachment&id_attachment=338
https://saporepuro.com/products/farina-di-semi-di-tara-gomma-di-tara-origine-peru-e417-confezionato-in-italia-1.json || https://saporepuro.com/products/farina-di-semi-di-tara-gomma-di-tara-origine-peru-e417-confezionato-in-italia-1
https://saporepuro.com/cdn/shop/files/TDS_GOMMA_DI_TARA_SAPOREPURO_7ba2d8ce-553c-4b18-8d0a-b511a78af3f0.pdf?v=6266750854494086058
https://saporepuro.com/policies/shipping-policy
https://panierdeschefs.eu/en/index.php?controller=attachment&id_attachment=338
https://www.bienmanger.com/1F36603_Gomme_Tara_E417_Louis_Francois.html
https://saporepuro.com/products/farina-di-semi-di-tara-gomma-di-tara-origine-peru-e417-confezionato-in-italia-1.json || https://saporepuro.com/products/farina-di-semi-di-tara-gomma-di-tara-origine-peru-e417-confezionato-in-italia-1
https://saporepuro.com/cdn/shop/files/TDS_GOMMA_DI_TARA_SAPOREPURO_7ba2d8ce-553c-4b18-8d0a-b511a78af3f0.pdf?v=6266750854494086058
https://saporepuro.com/policies/shipping-policy
https://saporepuro.com/products/farina-di-semi-di-tara-gomma-di-tara-origine-peru-e417-confezionato-in-italia-1.json || https://saporepuro.com/products/farina-di-semi-di-tara-gomma-di-tara-origine-peru-e417-confezionato-in-italia-1
https://saporepuro.com/cdn/shop/files/TDS_GOMMA_DI_TARA_SAPOREPURO_7ba2d8ce-553c-4b18-8d0a-b511a78af3f0.pdf?v=6266750854494086058
https://saporepuro.com/policies/shipping-policy
https://www.baktotaal.nl/sosa-tara-gum-700g
https://saporepuro.com/products/farina-di-semi-di-tara-gomma-di-tara-origine-peru-e417-confezionato-in-italia-1.json || https://saporepuro.com/products/farina-di-semi-di-tara-gomma-di-tara-origine-peru-e417-confezionato-in-italia-1
https://saporepuro.com/cdn/shop/files/TDS_GOMMA_DI_TARA_SAPOREPURO_7ba2d8ce-553c-4b18-8d0a-b511a78af3f0.pdf?v=6266750854494086058
https://saporepuro.com/policies/shipping-policy
https://www.emag.ro/guma-tara-pudra-700g-sosa-58050058/pd/DZ5CW2MBM/
https://www.ft-shop.ro/guma-tara-700-g-sosa.html
https://panierdeschefs.eu/en/index.php?controller=attachment&id_attachment=338
https://saporepuro.com/products/farina-di-semi-di-tara-gomma-di-tara-origine-peru-e417-confezionato-in-italia-1.json || https://saporepuro.com/products/farina-di-semi-di-tara-gomma-di-tara-origine-peru-e417-confezionato-in-italia-1
https://saporepuro.com/cdn/shop/files/TDS_GOMMA_DI_TARA_SAPOREPURO_7ba2d8ce-553c-4b18-8d0a-b511a78af3f0.pdf?v=6266750854494086058
https://saporepuro.com/policies/shipping-policy
https://www.odaios-foods.com/tara-gum-140753
https://saporepuro.com/products/farina-di-semi-di-tara-gomma-di-tara-origine-peru-e417-confezionato-in-italia-1.json || https://saporepuro.com/products/farina-di-semi-di-tara-gomma-di-tara-origine-peru-e417-confezionato-in-italia-1
https://saporepuro.com/cdn/shop/files/TDS_GOMMA_DI_TARA_SAPOREPURO_7ba2d8ce-553c-4b18-8d0a-b511a78af3f0.pdf?v=6266750854494086058
https://saporepuro.com/policies/shipping-policy
https://www.unifect.com/products/organic-tara-gum-food-grade/
https://saporepuro.com/products/farina-di-semi-di-tara-gomma-di-tara-origine-peru-e417-confezionato-in-italia-1.json"
819543011967,14,AE;BD;BH;CO;CR;DO;IL;IS;KW;OM;PA;PH;QA;US,TARA,Modernist Pantry Pure Tara Gum Powder || Modernist Pantry Tara Gum 50 g || Pure Tara Gum Powder 50 g || Tara Gum — Home 50g,HOLD_US;KANDYDAT_PR;WYMAGA_DOSTAWY,"https://modernistpantry.com/products/tara-gum.html
https://cdn11.bigcommerce.com/s-nu5wtrnr3h/images/stencil/1280x1280/products/507/1289/modernistpantry_taragum_50g_back__92203.1691090330.jpg?c=1
https://costarica.yaxa.co/products/polvo-de-goma-de-mascar-pure-tara-no-transgenico-sin-gluten-vegano-certificado-kosher-ou-50-g-2-oz-colombia || https://modernistpantry.com/products/tara-gum.html
https://cdn11.bigcommerce.com/s-nu5wtrnr3h/images/stencil/1280x1280/products/507/1289/modernistpantry_taragum_50g_back__92203.1691090330.jpg?c=1
https://www.fda.gov/media/178582/download || https://modernistpantry.com/products/tara-gum.html
https://cdn11.bigcommerce.com/s-nu5wtrnr3h/images/stencil/1280x1280/products/507/1289/modernistpantry_taragum_50g_back__92203.1691090330.jpg?c=1
https://yaxa.co/products/polvo-de-goma-de-mascar-pure-tara-no-transgenico-sin-gluten-vegano-certificado-kosher-ou-50-g-2-oz-colombia || https://modernistpantry.com/products/tara-gum.html
https://modernistpantry.com/pages/international-shipping.html
https://cdn11.bigcommerce.com/s-nu5wtrnr3h/images/stencil/1280x1280/products/507/1289/modernistpantry_taragum_50g_back__92203.1691090330.jpg?c=1 || https://modernistpantry.com/products/tara-gum.html
https://modernistpantry.com/pages/international-shipping.html
https://cdn11.bigcommerce.com/s-nu5wtrnr3h/images/stencil/1280x1280/products/507/1289/modernistpantry_taragum_50g_back__92203.1691090330.jpg?c=1
https://panama.yaxa.co/brand/modernist-pantry
https://www.ubuy.com.pa/en/brand/modernist-pantry
https://panama.yaxa.co/products/altra-para-hombre || https://modernistpantry.com/products/tara-gum.html
https://modernistpantry.com/pages/international-shipping.html
https://cdn11.bigcommerce.com/s-nu5wtrnr3h/images/stencil/1280x1280/products/507/1289/modernistpantry_taragum_50g_back__92203.1691090330.jpg?c=1
https://republicadominicana.yaxa.co/product-category/goma-guar || https://modernistpantry.com/products/tara-gum.html
https://www.ubuy.com.bd/en/product/20BCUPO-pure-tara-gum-powder-non-gmo-gluten-free-vegan-ou-kosher-certified-50g-2oz
https://modernistpantry.com/pages/international-shipping.html
https://cdn11.bigcommerce.com/s-nu5wtrnr3h/images/stencil/1280x1280/products/507/1289/modernistpantry_taragum_50g_back__92203.1691090330.jpg?c=1 || https://modernistpantry.com/products/tara-gum.html
https://www.ubuy.com.ph/product/20BCUPO-pure-tara-gum-powder-non-gmo-gluten-free-vegan-ou-kosher-certified-50g-2oz
https://www.ubuy.com.ph/brand/modernist-pantry
https://modernistpantry.com/pages/international-shipping.html
https://cdn11.bigcommerce.com/s-nu5wtrnr3h/images/stencil/1280x1280/products/507/1289/modernistpantry_taragum_50g_back__92203.1691090330.jpg?c=1 || https://qatar.desertcart.com/products/742480838-pure-tara-gum-powder-non-gmo-gluten-free-vegan-ou
https://modernistpantry.com/products/tara-gum.html
https://cdn11.bigcommerce.com/s-nu5wtrnr3h/images/stencil/90x90/products/507/1289/modernistpantry_taragum_50g_back__92203.1691090330.jpg?c=1 || https://www.a.ubuy.com.kw/en/product/20BCUPO-pure-tara-gum-powder-non-gmo-gluten-free-vegan-ou-kosher-certified-50g-2oz
https://modernistpantry.com/products/tara-gum.html
https://cdn11.bigcommerce.com/s-nu5wtrnr3h/images/stencil/90x90/products/507/1289/modernistpantry_taragum_50g_back__92203.1691090330.jpg?c=1 || https://www.desertcart.ae/products/170075471-pure-tara-gum-powder-non-gmo-gluten-free-vegan-ou
https://modernistpantry.com/products/tara-gum.html
https://cdn11.bigcommerce.com/s-nu5wtrnr3h/images/stencil/90x90/products/507/1289/modernistpantry_taragum_50g_back__92203.1691090330.jpg?c=1 || https://www.desertcart.com.om/products/170075471-pure-tara-gum-powder-non-gmo-gluten-free-vegan-ou
https://modernistpantry.com/products/tara-gum.html
https://cdn11.bigcommerce.com/s-nu5wtrnr3h/images/stencil/90x90/products/507/1289/modernistpantry_taragum_50g_back__92203.1691090330.jpg?c=1 || https://www.ubuy.com.bh/en/product/20BCUPO-pure-tara-gum-powder-non-gmo-gluten-free-vegan-ou-kosher-certified-50g-2oz
https://modernistpantry.com/products/tara-gum.html
https://cdn11.bigcommerce.com/s-nu5wtrnr3h/images/stencil/90x90/products/507/1289/modernistpantry_taragum_50g_back__92203.1691090330.jpg?c=1 || https://www.ubuy.is/en/product/20BCUPO-pure-tara-gum-powder-non-gmo-gluten-free-vegan-ou-kosher-certified-50g-2oz
https://modernistpantry.com/products/tara-gum.html
https://modernistpantry.com/pages/international-shipping.html
https://cdn11.bigcommerce.com/s-nu5wtrnr3h/images/stencil/1280x1280/products/507/1289/modernistpantry_taragum_50g_back__92203.1691090330.jpg?c=1"
733739058324,13,BD;DZ;EG;GH;KE;LK;MA;MX;NG;OM;PA;PK;TN,SMP,NOW Real Food Organic Non-Fat Dry Milk Powder || Real Food Organic Non-Fat Dry Milk Powder,KANDYDAT_PR,"https://dz.iherb.com/pr/now-foods-real-food-organic-non-fat-dry-milk-powder-12-oz-340-g/21134
https://www.nowfoods.com/products/natural-foods/non-fat-dry-milk-powder-organic
https://www.iherb.com/shipping/dz || https://eg.iherb.com/pr/now-foods-real-food-organic-non-fat-dry-milk-powder-12-oz-340-g/21134
https://www.nowfoods.com/products/natural-foods/non-fat-dry-milk-powder-organic
https://www.iherb.com/shipping/eg || https://gh.iherb.com/pr/now-foods-real-food-organic-non-fat-dry-milk-powder-12-oz-340-g/21134
https://www.nowfoods.com/products/natural-foods/non-fat-dry-milk-powder-organic
https://www.iherb.com/shipping/gh || https://ke.iherb.com/pr/now-foods-real-food-organic-non-fat-dry-milk-powder-12-oz-340-g/21134
https://www.nowfoods.com/products/natural-foods/non-fat-dry-milk-powder-organic
https://www.iherb.com/shipping/ke || https://ma.iherb.com/pr/now-foods-real-food-organic-non-fat-dry-milk-powder-12-oz-340-g/21134
https://www.nowfoods.com/products/natural-foods/non-fat-dry-milk-powder-organic
https://www.iherb.com/shipping/ma || https://ng.iherb.com/pr/now-foods-real-food-organic-non-fat-dry-milk-powder-12-oz-340-g/21134
https://www.nowfoods.com/products/natural-foods/non-fat-dry-milk-powder-organic
https://www.iherb.com/shipping/ng || https://om.iherb.com/pr/now-foods-real-food-organic-non-fat-dry-milk-powder-12-oz-340-g/21134
https://www.nowfoods.com/products/natural-foods/non-fat-dry-milk-powder-organic
https://www.iherb.com/shipping/om || https://tn.iherb.com/pr/now-foods-real-food-organic-non-fat-dry-milk-powder-12-oz-340-g/21134
https://www.nowfoods.com/products/natural-foods/non-fat-dry-milk-powder-organic
https://www.iherb.com/shipping/tn || https://www.nowfoods.com/products/natural-foods/non-fat-dry-milk-powder-organic
https://bd.iherb.com/pr/now-foods-real-food-organic-non-fat-dry-milk-powder-12-oz-340-g/21134
https://www.iherb.com/shipping/bd || https://www.nowfoods.com/products/natural-foods/non-fat-dry-milk-powder-organic
https://lk.iherb.com/pr/now-foods-real-food-organic-non-fat-dry-milk-powder-12-oz-340-g/21134
https://www.iherb.com/shipping/lk || https://www.nowfoods.com/products/natural-foods/non-fat-dry-milk-powder-organic
https://mx.iherb.com/pr/now-foods-real-food-organic-non-fat-dry-milk-powder-12-oz-340-g/21134 || https://www.nowfoods.com/products/natural-foods/non-fat-dry-milk-powder-organic
https://pa.iherb.com/pr/now-foods-real-food-organic-non-fat-dry-milk-powder-12-oz-340-g/21134 || https://www.nowfoods.com/products/natural-foods/non-fat-dry-milk-powder-organic
https://pk.iherb.com/pr/now-foods-real-food-organic-non-fat-dry-milk-powder-12-oz-340-g/21134
https://www.iherb.com/shipping/pk"
3412290032215,9,AE;DZ;KR;KW;QA;SA;SG;TH;TN,CREAM,Paysan Breton La Crème Pâtisserie & Cuisine UHT 30% || Paysan Breton UHT Cooking & Whipping Cream 30%,KANDYDAT_PR;KANDYDAT_WARUNKOWY,"https://casinetto.com/products/cooking-and-whipping-cream-30/
https://bf1af2.akinoncloudcdn.com/products/2025/03/28/87485/697134c3-73cd-408b-8a68-2100017edff8_size1920_cropCenter.jpg
https://bf1af2.akinoncloudcdn.com/products/2025/03/28/87485/4dd8e776-62e5-4b64-8b34-30e98d6b5a69_size1920_cropCenter.jpg || https://casinetto.com/products/cooking-and-whipping-cream-30/
https://bf1af2.akinoncloudcdn.com/products/2025/03/28/87485/697134c3-73cd-408b-8a68-2100017edff8_size1920_cropCenter.jpg
https://bf1af2.akinoncloudcdn.com/products/2025/03/28/87485/4dd8e776-62e5-4b64-8b34-30e98d6b5a69_size1920_cropCenter.jpg
https://casinetto.com/products/cooking-and-whipping-cream-30/ || https://casinetto.com/products/cooking-and-whipping-cream-30/
https://bf1af2.akinoncloudcdn.com/products/2025/03/28/87485/697134c3-73cd-408b-8a68-2100017edff8_size1920_cropCenter.jpg
https://bf1af2.akinoncloudcdn.com/products/2025/03/28/87485/4dd8e776-62e5-4b64-8b34-30e98d6b5a69_size1920_cropCenter.jpg
https://casinetto.com/products/cooking-and-whipping-cream-30/
https://www.carrefour.tn/creme-fraiche-la-dosette-3412290032215.html || https://casinetto.com/products/cooking-and-whipping-cream-30/
https://bf1af2.akinoncloudcdn.com/products/2025/03/28/87485/697134c3-73cd-408b-8a68-2100017edff8_size1920_cropCenter.jpg
https://bf1af2.akinoncloudcdn.com/products/2025/03/28/87485/4dd8e776-62e5-4b64-8b34-30e98d6b5a69_size1920_cropCenter.jpg
https://casinetto.com/products/cooking-and-whipping-cream-30/
https://www.carrefourksa.com/mafsau/en/fresh-cream/pb-cooking-cream-uht-20cl/p/595748 || https://casinetto.com/products/cooking-and-whipping-cream-30/
https://bf1af2.akinoncloudcdn.com/products/2025/03/28/87485/697134c3-73cd-408b-8a68-2100017edff8_size1920_cropCenter.jpg
https://bf1af2.akinoncloudcdn.com/products/2025/03/28/87485/4dd8e776-62e5-4b64-8b34-30e98d6b5a69_size1920_cropCenter.jpg
https://gcc.luluhypermarket.com/en-kw/paysan-breton-whipping-cooking-cream-200-ml/p/423673 || https://casinetto.com/products/cooking-and-whipping-cream-30/
https://bf1af2.akinoncloudcdn.com/products/2025/03/28/87485/697134c3-73cd-408b-8a68-2100017edff8_size1920_cropCenter.jpg
https://bf1af2.akinoncloudcdn.com/products/2025/03/28/87485/4dd8e776-62e5-4b64-8b34-30e98d6b5a69_size1920_cropCenter.jpg
https://gcc.luluhypermarket.com/en-qa/paysan-breton-whipping-cooking-cream-200-ml/p/423673 || https://casinetto.com/products/cooking-and-whipping-cream-30/
https://cdn.shopify.com/s/files/1/1575/0603/files/afff2bdbe0c3a9dc388d388e7964416ea6e037cc_PAYC002_2.jpg?v=1786035968&width=1600
https://www.benmart.com.sg/product/paysan-breton-whipping-cream-200ml/
https://redmart.lazada.sg/paysan-breton-164150/?m=redmart
https://shopee.sg/-BenMart-Chill-Paysan-Breton-Whipping-Cream-30-Fat-200ml-Halal-France-i.481487065.22084537297
https://www.tops.co.th/en/paysan-breton-uht-whipping-and-cooking-cream-fat-30percent-200ml-3412290032215 || https://casinetto.com/products/cooking-and-whipping-cream-30/
https://cdn.shopify.com/s/files/1/1575/0603/files/afff2bdbe0c3a9dc388d388e7964416ea6e037cc_PAYC002_2.jpg?v=1786035968&width=1600
https://www.kurly.com/goods/5006054
https://img-cf.kurly.com/hdims/resize/%3E1010x/quality/90/src/shop/data/goodsview/20220304/gv30000286268_1.jpg
https://lottemartzetta.com/products/OS3412290032215/details
https://winenfood.co.kr/product/?bmode=view&idx=102391422 || https://casinetto.com/products/cooking-and-whipping-cream-30/
https://cdn.shopify.com/s/files/1/1575/0603/files/afff2bdbe0c3a9dc388d388e7964416ea6e037cc_PAYC002_2.jpg?v=1786035968&width=1600
https://www.tops.co.th/en/paysan-breton-uht-whipping-and-cooking-cream-fat-30percent-200ml-3412290032215"
5701215046375,9,GH;HK;ID;KE;MY;NG;PA;PH;VN,CREAM,Emborg Natural Whipping Cream || Emborg Natural Whipping Cream UHT 35% || Emborg Natural Whipping Cream UHT 35.1% 200 ml,KANDYDAT_PR,"https://raisa.aeonstore.id/shop/dairy-eggs/cheese-cream-butter/emborg-whipping-cream-200ml/
https://www.emborg.com/product/whipping-cream/
https://raisa.aeonstore.id/product-category/dairy-eggs/cheese-cream-butter/page/4/?column=2&perpage=60&shop_view=grid_view
https://www.tops.co.th/en/emborg-dairy-whipping-cream-200ml-5701215046375
https://maxmartonline.com/emborg-whipping-cream-200ml || https://www.emborg.com/product/whipping-cream/
https://freshmart.ph/products/emborg-uht-whipping-cream-200ml
https://pickaroo.com/builtamart/products/builtamart-pasig/product-detail/186822/921-emborg-whipping-cream
https://www.emborg.com/ph/product/natural-whipping-cream/
https://www.tops.co.th/en/emborg-dairy-whipping-cream-200ml-5701215046375
https://maxmartonline.com/emborg-whipping-cream-200ml || https://www.emborg.com/product/whipping-cream/
https://maxmartonline.com/emborg-whipping-cream-200ml
https://artcaffemarket.co.ke/products/emborg-whipping-cream-fat-uht-35-200ml || https://www.emborg.com/product/whipping-cream/
https://maxmartonline.com/emborg-whipping-cream-200ml
https://maxmartonline.com/emborg-whipping-cream-200ml || https://www.emborg.com/product/whipping-cream/
https://maxmartonline.com/emborg-whipping-cream-200ml
https://www.supermart.ng/products/emborg-whipping-cream-200-ml || https://www.emborg.com/product/whipping-cream/
https://myaeon2go.com/product/5537/whipping-cream-uht
https://www.emborg.com/my/product/whipping-cream/
https://www.tops.co.th/en/emborg-dairy-whipping-cream-200ml-5701215046375
https://maxmartonline.com/emborg-whipping-cream-200ml || https://www.emborg.com/product/whipping-cream/
https://shop.annam-gourmet.com/hn-xd/emborg-whipping-cream-35-1-fat-uht-200ml.html
https://www.tops.co.th/en/emborg-dairy-whipping-cream-200ml-5701215046375
https://maxmartonline.com/emborg-whipping-cream-200ml || https://www.emborg.com/product/whipping-cream/
https://www.twinsbakingsupplies.com/en/product-page/emborg%E6%B7%A1%E5%BF%8C%E5%BB%89-1
https://www.tops.co.th/en/emborg-dairy-whipping-cream-200ml-5701215046375 || https://www.super99.com/20145110-emborg-crema-batir-200ml
https://www.emborg.com/product/whipping-cream/"
8588006139983,7,BG;CZ;HR;HU;RO;SI;SK,DEXTROSE,"Dekstroza - GymBeam, bez dodatków smakowych || Dextroză - GymBeam, bez dodatków smakowych || Dextróz - GymBeam, bez dodatków smakowych || Dextróza - GymBeam, bez dodatków smakowych || Декстроза - GymBeam, bez dodatków smakowych",KANDYDAT_PR,https://gymbeam.bg/dekstroza-1000-g-gymbeam.html || https://gymbeam.cz/dextroza-1000-g-gym-beam.html || https://gymbeam.hr/dekstroza-gymbeam.html || https://gymbeam.hu/dextroz-gymbeam.html || https://gymbeam.ro/dextroza-1000-g-gymbeam.html || https://gymbeam.si/dekstroza-gymbeam.html || https://gymbeam.sk/dextroza-gymbeam.html
9300639999005,4,AU;CN;HK;PH,SMP,Devondale Instant Skim Milk Powder || Devondale Instant Skim Milk Powder (德运脱脂奶粉),KANDYDAT_PR,"https://shopee.ph/Devondale-Instant-Skim-Milk-Powder-1kg-i.82265567.23335805507
https://www.nanamall.com/products/devondale-instant-skim-milk-powder-1kg
https://www.woolworths.com.au/shop/productdetails/750032/devondale-instant-skim-milk-powder-powder-uht
https://campbells.sorted.au/Open-Catalogue/PANTRY/LONG-LIFE-MILK/LONG-LIFE-POWDERED-MILK/SKIM-MILK-POWDERED/D-DALE-MILK-SKIM-INST-PDR-1KG/p/C1000003583
https://www.costco.com.au/Business-Delivery/Dairy-Eggs/Milk/Devondale-Instant-Skim-Milk-Powder-1kg/p/22239_BD
https://www.hktvmall.com/hktv/en/main/SIUFUNG-HEALTHY/s/S6258001/Personal-Care-%26-Health/Personal-Care-%26-Health/Health/Milk-Powder/Instant-Skim-Milk-Powder-1kg-Parallel-import/p/S6258001_S_DEV9005P || https://www.devondale.com.au/en/products/milk/skim-milk-powder
https://www.woolworths.com.au/shop/productdetails/750032/devondale-instant-skim-milk-powder-powder-uht
https://campbells.sorted.au/Open-Catalogue/PANTRY/LONG-LIFE-MILK/LONG-LIFE-POWDERED-MILK/SKIM-MILK-POWDERED/D-DALE-MILK-SKIM-INST-PDR-1KG/p/C1000003583 || https://www.hktvmall.com/hktv/en/main/SIUFUNG-HEALTHY/s/S6258001/Personal-Care-%26-Health/Personal-Care-%26-Health/Health/Milk-Powder/Instant-Skim-Milk-Powder-1kg-Parallel-import/p/S6258001_S_DEV9005P
https://www.hktvmall.com/hktv/en/main/Longview/s/H7814001/Personal-Care-%26-Health/Personal-Care-%26-Health/Health/Milk-Powder/9300639999005-Instant-Skim-Milk-Powder-High-Calcium-1KG-Parallel-Import-Expiry-Date-032025/p/H7814001_S_AA28056000001
https://www.devondale.com.au/en/products/milk/skim-milk-powder
https://www.woolworths.com.au/shop/productdetails/750032/devondale-instant-skim-milk-powder-powder-uht || https://zt.52pht.com/wap/item-detail.html?item_id=37450
https://www.devondale.com.au/en/products/milk/skim-milk-powder
https://www.woolworths.com.au/shop/productdetails/750032/devondale-instant-skim-milk-powder-powder-uht
https://campbells.sorted.au/Open-Catalogue/PANTRY/LONG-LIFE-MILK/LONG-LIFE-POWDERED-MILK/SKIM-MILK-POWDERED/D-DALE-MILK-SKIM-INST-PDR-1KG/p/C1000003583"
711221973058,4,GH;NG;SA;TN,TARA,Cape Crystal Brands Tara Gum Powder,WYMAGA_DOSTAWY,"https://www.u-buy.com.ng/product/4LRAT8WUW-tara-gum-powder-2-oz-from-the-amazon-pantry-imparts-a-creamy-mouthfeel-to-dairy-products-soups-and-sauces-kosher-vegan-nongmo-highest-purity
https://www.capecrystalbrands.com/products/tara-gum
https://www.u-buy.com.ng/product/8X6X3FWQ-andean-star-tara-gum-powder-907g-32oz-all-natural-thickening-agent-for-baking-dressing-and-ice-cream || https://www.ubuy.com.gh/product/4LRAT8WUW-tara-gum-powder-2-oz-from-the-amazon-pantry-imparts-a-creamy-mouthfeel-to-dairy-products-soups-and-sauces-kosher-vegan-nongmo-highest-purity
https://www.capecrystalbrands.com/products/tara-gum
https://www.ubuy.com.gh/product/J4GMRN900-tara-gum-super-refined-speck-free-food-grade-thickener-net-4oz-114gr || https://www.ubuy.com.sa/en/product/4LRAT8WUW-tara-gum-powder-2-oz-from-the-amazon-pantry-imparts-a-creamy-mouthfeel-to-dairy-products-soups-and-sauces-kosher-vegan-nongmo-highest-purity
https://www.capecrystalbrands.com/products/tara-gum || https://www.ubuy.tn/en/product/4LRAT8WUW-tara-gum-powder-2-oz-from-the-amazon-pantry-imparts-a-creamy-mouthfeel-to-dairy-products-soups-and-sauces-kosher-vegan-nongmo-highest-purity
https://www.capecrystalbrands.com/products/tara-gum"
5709286720064,3,DK;NO;SE,DEXTROSE,Urtegaarden Druesukker 500 g || Urtegaarden Druvsocker 500 g,WYMAGA_ETYKIETY,"https://www.helsebixen.dk/shop/urtegaarden-druesukker.html
https://www.med24.dk/mad-og-drikke/madvarer/sukker-sirup-honning-mm/druesukker/urtegaarden-druesukker-500-g
https://www.cchobby.dk/druesukker-500-g-1-ps || https://www.med24.no/matvarer/soetstoff/druesukker/urtegaarden-druesukker-500-g
https://www.helsebixen.dk/shop/urtegaarden-druesukker.html
https://www.med24.dk/mad-og-drikke/madvarer/sukker-sirup-honning-mm/druesukker/urtegaarden-druesukker-500-g
https://www.cchobby.dk/druesukker-500-g-1-ps || https://www.med24.se/matvaror/socker-sirap-honung/druvsocker/urtegaarden-druvsocker-500-g
https://www.helsebixen.dk/shop/urtegaarden-druesukker.html
https://www.med24.dk/mad-og-drikke/madvarer/sukker-sirup-honning-mm/druesukker/urtegaarden-druesukker-500-g
https://www.cchobby.dk/druesukker-500-g-1-ps"
3043931692415,3,AE;BH;SA,SMP,Régilait Instant Skimmed Milk Powder 0% Fat,KANDYDAT_PR,"https://bahrain.sharafdg.com/product/regilait-fat-free-instant-skimmed-milk-powder-700gm/
https://regilait.com/en/products/powdered-milks/instant-skimmed-milk-powder-0-fat
https://www.amazon.ae/REGILAIT-NON-SKIMD-MILK-700G/dp/B07NF7B1H6 || https://gcc.luluhypermarket.com/en-ae/regilait-0-fat-instant-skimmed-milk-powder-700-g/p/3706
https://regilait.com/en/products/powdered-milks/instant-skimmed-milk-powder-0-fat
https://www.amazon.ae/REGILAIT-NON-SKIMD-MILK-700G/dp/B07NF7B1H6 || https://gcc.luluhypermarket.com/en-sa/regilait-0-fat-instant-skimmed-milk-powder-700-g/p/3706
https://regilait.com/en/products/powdered-milks/instant-skimmed-milk-powder-0-fat
https://www.amazon.ae/REGILAIT-NON-SKIMD-MILK-700G/dp/B07NF7B1H6"
5700426230177,3,BH;LK;OM,CREAM,Puck Whipping Cream UHT || Puck Whipping Cream UHT 34% minimum fat,KANDYDAT_PR,"https://www.puckarabia.com/en/products/whipping-cream/
https://ejostores.com/products/puckwhipcream200ml-5700426230177-html
https://ctown.jo/index.php/ctown_7th_ar/puckwhipcream200ml-5700426230177.html
https://colombomall.lk/product/puck-whipping-cream-200ml-from-dubai-sam
https://www.daraz.lk/products/puck-whipping-cream-200ml-from-dubai-sam-i267894886.html
https://onlinekade.lk/product/puck-whipping-cream-tetra-200ml/
https://www.grandiose.ae/puck-whipping-cream-200ml0177 || https://www.puckarabia.com/en/products/whipping-cream/
https://www.sharjahcoop.ae/en/puck-whipping-cream-200ml/p/5700426230177
https://gcc.luluhypermarket.com/en-bh/puck-whipping-cream-200-ml/p/211342 || https://www.puckarabia.com/en/products/whipping-cream/
https://www.sharjahcoop.ae/en/puck-whipping-cream-200ml/p/5700426230177
https://gcc.luluhypermarket.com/en-om/puck-whipping-cream-200-ml/p/211342"
4744130012590,3,EE;LT;LV,DEXTROSE,"ICONFIT Dextro, czysta dekstroza w proszku",WYMAGA_ETYKIETY,"https://iconfit.ee/products/dextrose
https://sportfit.ee/gb/sports-nutrition/iconfit-dextro-premium-dextrose-1kg
https://iconfit.lv/products/dextrose || https://iconfit.lt/en/products/dextrose
https://elvaistine.lt/vitaminai-ir-maisto-papildai/baltyminiai-ir-kiti-maisto-produktai/iconfit-dextro-dekstroze-1kg
https://sportfit.ee/gb/sports-nutrition/iconfit-dextro-premium-dextrose-1kg || https://iconfit.lv/products/dextrose
https://moonmart.lv/p/iconfit-dextro-dextrose-pulveris-1000-g-1152298
https://sportfit.ee/gb/sports-nutrition/iconfit-dextro-premium-dextrose-1kg
https://iconfit.ee/products/dextrose"
9317127061786,2,AU;NZ,DEXTROSE,Lotus Glucose Powder (Dextrose) 500g,KANDYDAT_PR,"https://www.kadac.com.au/browser/product.php?sku=6178
https://wholesomemarket.com.au/lotus-glucose-powder-dextrose-500g/
https://wholesomemarket.com.au/lotus-glucose-powder-dextrose-500g/
https://ecotraders.com.au/products/lotus-glucose-powder-dextrose
https://ecotraders.com.au/cdn/shop/files/lotus-glucose-powder-dextrose--6178--rear.jpg?v=1785309893&width=1600 || https://www.kadac.com.au/browser/product.php?sku=6178
https://www.ohmywellness.co.nz/shop/product/839024/lotus-glucose-powder-dextrose-500g/
https://wholesomemarket.com.au/lotus-glucose-powder-dextrose-500g/
https://ecotraders.com.au/products/lotus-glucose-powder-dextrose
https://ecotraders.com.au/cdn/shop/files/lotus-glucose-powder-dextrose--6178--rear.jpg?v=1785309893&width=1600"
4250573301738,2,AT;DE,DEXTROSE,Dextrose monohydrat Pulver 5 kg,KANDYDAT_PR,"https://www.golden-peanut.de/Dextrose-monohydrat-Pulver/11135-01 || https://www.golden-peanut.de/Dextrose-monohydrat-Pulver/11135-01
https://www.golden-peanut.de/versand-und-zahlungsbedingungen"
8718907237888,2,BE;NL,CREAM,AH Slagroom houdbaar 30% 200 ml,KANDYDAT_PR,https://www.ah.be/producten/product/wi34471/ah-slagroom-houdbaar || https://www.ah.nl/producten/product/wi34471/ah-slagroom-houdbaar
5709310050303,2,DK;SE,MILK,"Arla Sødmælk / Mjölk 3,5% UHT 1 L || Arla Sødmælk 3,5% UHT 1 L",KANDYDAT_PR,"https://danfoods.dk/wp-content/uploads/data-sheets/700000/700000%20S%C3%98DM%C3%86LK%20UHT%20ARLA%201L%2088508.pdf
https://ebberup.spar.dk/produkter/arla-s%C3%B8dm%C3%A6lk-3%2C5%25-uht-5709310050303
https://www.sartorvet.com/sodmaelk-uht1-10-x-lt.html || https://www.chefsculinar.se/sv-se/mat-and-dryck/mejeri-and-gg/mj-lk/mj-lk-3-5-uht-1l-34231043
https://danfoods.dk/wp-content/uploads/data-sheets/700000/700000%20S%C3%98DM%C3%86LK%20UHT%20ARLA%201L%2088508.pdf"
6408430840625,2,EE;FI,SMP,Piimapulber rasvavaba / rasvaton maitojauhe instant || Valio rasvaton maitojauhe instant 400 g,KANDYDAT_PR,"https://www.kaupmees.ee/products/?query=6408430840625
https://www.valio.fi/tuotteet/valio-rasvaton-maitojauhe-instant/
https://www.s-kaupat.fi/tuote/valio-rasvaton-maitojauhe-instant-400-g/6408430840625
https://www.halpahalli.fi/valio-rasvaton-maitojauhe-instant-400-g.html || https://www.valioaimo.fi/ammattilaistuotteet/valio-rasvaton-maitojauhe-instant/
https://www.s-kaupat.fi/tuote/valio-rasvaton-maitojauhe-instant-400-g/6408430840625
https://www.halpahalli.fi/valio-rasvaton-maitojauhe-instant-400-g.html"
5900820000455,2,GB;IE,CREAM,Łaciata Śmietanka UHT 30% 500 ml,KANDYDAT_PR,"https://mlekpol.com.pl/index.php/en/produkt/laciata-uht-cream-30/
https://leclerc.com.pl/laciata-smietanka-30
https://moldovastore.ie/products/114/8433 || https://mlekpol.com.pl/index.php/en/produkt/laciata-uht-cream-30/
https://leclerc.com.pl/laciata-smietanka-30
https://uk.foodplus.eu/en_GB/p/UHT-Laciata-30-Cream-500ml-Mlekpol/26418"
5060113910714,2,GB;IE,SMP,Milfresh Gold Superior Granulated Skimmed Milk 500 g,KANDYDAT_PR,"https://static.viking-direct.co.uk/is/content/odeu13/PDF/FRD_1185392_EN.pdf
https://www.templemanrv.co.uk/nutrition-pdf/9501/
https://www.brake.co.uk/dairy/milk/powder/bulk/milfresh-gold-superior-granulated-skimmed-milk/p/28375 || https://static.viking-direct.co.uk/is/content/odeu13/PDF/FRD_1185392_EN.pdf
https://www.templemanrv.co.uk/nutrition-pdf/9501/
https://www.irelandteaandcoffee.com/milfresh-gold-skimmed-milk-granules-100-percent-500g"
8050246530061,2,IT;MT,DEXTROSE,Destrosio Monoidrato 1kg,KANDYDAT_PR,"https://artegustando.com/products/destrosio-monoidrato || https://artegustando.com/products/destrosio-monoidrato
https://artegustando.com/policies/shipping-policy"
6281007040235,2,KW;SA,MILK,Almarai Fresh Milk Full Fat 1 L || Fresh Milk Full Fat 1L,KANDYDAT_PR,"https://www.almarai.com/en/brands/almarai/liquid-dairy/fresh-milk/fresh-milk-full-fat
https://mohideensupermarket.com/product/almarai-milk-full-fat-3-1-ltr/
https://furdtk.com/en/shop/category/dairy-eggs-fresh-milk-3288 || https://www.almarai.com/en/brands/almarai/liquid-dairy/fresh-milk/fresh-milk-full-fat
https://mohideensupermarket.com/product/almarai-milk-full-fat-3-1-ltr/
https://furdtk.com/en/shop/category/dairy-eggs-fresh-milk-3288
https://barcode-list.com/barcode/EN/barcode-6281007040235/Search.htm"
5711953072352,2,BH;QA,MILK,Organic Milk Full Fat 200ml,KANDYDAT_PR,"https://mea.arla.com/product-overview/organicmilk/full-fat-200ml-3195/
https://www.thefreshmarketdubai.com/products/arla-organic-milk-full-fat-200ml-5711953072352
https://gcc.luluhypermarket.com/en-bh/arla-organic-milk-full-fat-200-ml/p/1353021-ea || https://mea.arla.com/product-overview/organicmilk/full-fat-200ml-3195/
https://www.thefreshmarketdubai.com/products/arla-organic-milk-full-fat-200ml-5711953072352
https://www.noon.com/qatar-en/organic-milk-full-fat-plain-200ml/N32671173A/p/?o=d5b79a2fa867ab1f"
3838800040578,2,HR;SI,MILK,"Alpsko mleko polnomastno 3,5% 1 L || Alpsko trajno mlijeko 3,5% m.m. 1 l",KANDYDAT_PR,"https://www.konzum.hr/web/products/alpsko-trajno-mlijeko-3-5-m-m-1-l
https://razvoj.dukatshop.hr/mlijeko/72-alpsko-mleko-trajno-mlijeko-35-mm-1-l-3838800040578.html
https://www.tuscc.si/katalog/izdelek/alpsko-mleko-polnomastno-1l-619828 || https://www.konzum.hr/web/products/alpsko-trajno-mlijeko-3-5-m-m-1-l
https://razvoj.dukatshop.hr/mlijeko/72-alpsko-mleko-trajno-mlijeko-35-mm-1-l-3838800040578.html
https://www.tuscc.si/katalog/izdelek/alpsko-mleko-polnomastno-1l-619828
https://www.l-m.si/en/produkti/alpsko-mleko-with-35-milk-fat/
https://online.spar.si/p/alpsko-mleko-polnomastno-35-mm-1l-266388"
3043939531112,2,CY;MT,SMP,Instant Skimmed Milk Powder With 0% Fat || Skimmed Milk Powder,KANDYDAT_PR,"https://savemart.com.mt/product/89655/popup
https://www.greens.com.mt/productdetails?pid=3043939531112
https://nutritionempire.net/en/product/regilait-skimmed-milk-powder-300g
https://regilait.com/en/products/powdered-milks/instant-skimmed-milk-powder-0-fat || https://www.alphamega.com.cy/en/groceries/food-cupboard/coffee-tea-cocoa/coffee/instant-coffee/regilait-instant-skimmed-milk-powder-with-0-fat-300-g
https://www.supermarketcy.com.cy/en/regilait-300g"
3161911703385,2,EG;IN,CREAM,Elle & Vire Professionnel Excellence Whipping Cream 35% || Elle & Vire Professionnel Excellence Whipping Cream UHT 35%,KANDYDAT_PR,"https://eshop.deltanutritives.com/product/elle-vire-excellence-whipping-cream/
https://deltanutritives.com/elle-vire-professional-butter-84-fat/
https://www.elle-et-vire.com/int/en/pro/creams/products/excellence-whipping-cream-35fat/
https://www.elle-et-vire.com/uploads/recip/product_translation/78/5ea58365eac52_excellence-whipping-hors-asie.pdf
https://www.elle-et-vire.com/uploads/recip/product_translation/78/5ee9d5be316b9_tvn-excellence-whipping.pdf || https://www.elle-et-vire.com/int/en/pro/creams/products/excellence-whipping-cream-35fat/
https://www.elle-et-vire.com/uploads/recip/product_translation/78/5ea58365eac52_excellence-whipping-hors-asie.pdf
https://www.elle-et-vire.com/uploads/recip/product_translation/78/5ee9d5be316b9_tvn-excellence-whipping.pdf
https://www.amazon.eg/-/en/Elle-Vire-Excellence-Whipping-Cream/dp/B087KF9CTW"
5701215046832,2,MY;PH,MILK,"Emborg Full Cream Milk 3.5% 1L || Emborg UHT Full Cream Milk 3,5% 1 L",KANDYDAT_PR,"https://www.emborg.com/product/full-cream-milk/
https://ptccom.com.ph/products/dairy/milk/emborg-full-cream-milk/
https://www.foodplusph.com/products/emborg-full-cream-milk-uht-3-5-l
https://maxmartonline.com/emborg-milk-full-cream-1ltr
https://www.meatup.shop/products/emborg-full-cream-milk-1l || https://www.emborg.com/product/full-cream-milk/
https://ptccom.com.ph/products/dairy/milk/emborg-full-cream-milk/
https://www.foodplusph.com/products/emborg-full-cream-milk-uht-3-5-l
https://maxmartonline.com/emborg-milk-full-cream-1ltr
https://www.meatup.shop/products/emborg-full-cream-milk-1l
https://bics.n.my/m/index.php?cat=Emborg&products_id=5362960&subcat=Milk&ws=showproducts"
9556958338807,2,ID;MY,SMP,Sunlac Low Fat Instant Skim Milk Powder,WYMAGA_ETYKIETY,"https://dailylac.com.my/product/sunlac-700g/
https://www.sunlac.com.my/page/169/Skim-Milk-Powder/
https://megakulim.com.my/index.php?product_id=454&route=product%2Fproduct
https://aapharmacy.com.my/products/sunlac-instant-skim-milk-700gm || https://dailylac.com.my/product/sunlac-700g/
https://www.sunlac.com.my/page/169/Skim-Milk-Powder/
https://megakulim.com.my/index.php?product_id=454&route=product%2Fproduct
https://store18714.store.link/category/promo-susu-beli-1-lebih-murah?page=2
https://shopee.co.id/SUNLAC-SKIM-MILK-POWDER-700-gram-i.287299970.26417712255
https://shopee.co.id/SUNLAC-Low-Fat-Susu-Tepung-Skim-700-gr-i.1642700743.49902841159"
4955447100416,2,JP;TW,MILK,Hokkaido Hidaka 3.6 Long Life Milk 200 ml,KANDYDAT_PR,"https://store.shopping.yahoo.co.jp/souvenir-chidoriya/4955447100416-cs.html
https://www.tajimaya-cc.net/products/36120
https://www.hug.com.tw/product/detail/drx8eizjgp5c
https://shop.use.com.tw/products/%E5%8C%97%E6%B5%B7%E9%81%93%E6%97%A5%E9%AB%9836%E7%89%9B%E4%B9%B3
https://images.openfoodfacts.org/images/products/495/544/710/0416/1.jpg
https://images.openfoodfacts.org/images/products/495/544/710/0416/2.jpg || https://www.hug.com.tw/product/detail/drx8eizjgp5c
https://shop.use.com.tw/products/%E5%8C%97%E6%B5%B7%E9%81%93%E6%97%A5%E9%AB%9836%E7%89%9B%E4%B9%B3
https://www.rakuten.com.tw/shop/yumaowu/product/42014700/
https://www.tajimaya-cc.net/products/36120
https://images.openfoodfacts.org/images/products/495/544/710/0416/1.jpg
https://images.openfoodfacts.org/images/products/495/544/710/0416/2.jpg"
3043931691418,2,KW;QA,SMP,Régilait Instant Skimmed Milk Powder 0% Fat,KANDYDAT_PR,"https://gcc.luluhypermarket.com/en-kw/regilait-0-fat-instant-skimmed-milk-powder-300-g/p/405103
https://regilait.com/en/products/powdered-milks/instant-skimmed-milk-powder-0-fat
https://thegrocer.com.qa/product/regilait-instant-skimmed-milk-powder-non-fat-300g/
https://www.carrefour.fr/p/lait-en-poudre-demi-ecreme-regilait-3043933232701 || https://gcc.luluhypermarket.com/en-qa/regilait-0-fat-instant-skimmed-milk-powder-300-g/p/405103
https://regilait.com/en/products/powdered-milks/instant-skimmed-milk-powder-0-fat
https://thegrocer.com.qa/product/regilait-instant-skimmed-milk-powder-non-fat-300g/"
4770265041259,2,LT;LV,MILK,"Pienas MŪ UAT 3,5% rieb. 1 l || Piens MŪ 3,5% tauku 1 l",KANDYDAT_PR,"https://barbora.lt/produktai/uat-pienas-mu-3-5-proc-rieb-1-l
https://www.rimi.lt/e-parduotuve/en/products/dairy-products-and-eggs/milk/uht-milk/pienas-mu-uat-3-5-rieb-1-l/p/249003
https://oliver.lt/pienas/4134-pienas-mu-35-riebumo-1-l-4770265041259.html
https://www.printera.lt/c/p/pienas-mu-3-5-riebumo-1-l--246813 || https://oliver24.lv/piens/4134-piens-mu-35-tauku-1-l-4770265041259.html
https://barbora.lt/produktai/uat-pienas-mu-3-5-proc-rieb-1-l
https://www.printera.lt/c/p/pienas-mu-3-5-riebumo-1-l--246813
https://www.rimi.lt/e-parduotuve/en/products/dairy-products-and-eggs/milk/uht-milk/pienas-mu-uat-3-5-rieb-1-l/p/249003"
5901432003261,2,LT;LV,CREAM,Meadow Star UHT whipping cream 30%,KANDYDAT_PR,"https://epromo.lv/en/product/dairy-products-and-eggs/sour-cream-cream/cream/sweet-cream-meadow-star-30-0.5-l-uht/x433344
https://www.rimi.lt/e-parduotuve/en/products/dairy-products-and-eggs/sour-and-sweet-cream-/cream/grietinele-meadow-star-uat-30-500-ml/p/4004128
https://www.ife.co.uk/exhibitors/wart-milk || https://epromo.lv/en/product/dairy-products-and-eggs/sour-cream-cream/cream/sweet-cream-meadow-star-30-0.5-l-uht/x433344
https://www.rimi.lv/e-veikals/en/products/dairy-and-eggs/cream/whipping-cream/saldais-krejums-meadow-star-uht-30-500ml/p/4004128
https://www.ife.co.uk/exhibitors/wart-milk"
8410285127347,2,MA;VN,MILK,Lait de vache stérilisé UHT entier 3.5% M.G. 1L || Président UHT Whole Milk 3.5% Fat 1 L,KANDYDAT_PR,"https://copralim.ma/product/entier-1l/
https://copralim.ma/wp-content/uploads/2025/07/Design-sans-titre-3-5.png
https://aswakassalam.com/produit/lait-uht-entier-1l-president/
https://www.bringo.ma/fr_MA/stores/carrefour-hypermarket/lait-entier-5/products/lait-uht-entier-president-1l-vendor-2-15602/17539
https://suatuoi.com/president/president-full-cream-1l-combo
https://cdn.suatuoi.com/images/brand/president/president-full-cream-1l/2.webp
https://cdn.suatuoi.com/images/brand/president/president-full-cream-1l/3.webp
https://cdn.suatuoi.com/images/brand/president/president-full-cream-1l/4.webp
https://comercoo.com/produit/1598/lait-president-entier-1l/ || https://suatuoi.com/president/president-full-cream-1l
https://cdn.suatuoi.com/images/brand/president/president-full-cream-1l/4.webp
https://cdn.suatuoi.com/images/brand/president/president-full-cream-1l/3.webp
https://cdn.suatuoi.com/files/congbo_chatluong/president/president-full-cream-1l-1701404546.pdf
https://www.lottemart.vn/en-dni/product/sua-tuoi-tiet-trung-nguyen-kem-president-3-5-beo-1l-8410285127347-p236999"
8585002501837,2,HU;RO,CREAM,Meggle Frișcă lichidă UHT 30% || Meggle UHT habtejszín 30%,KANDYDAT_PR,"https://bevasarlas.tesco.hu/shop/hu-HU/products/210504341
https://coopshop.hu/termek/meggle-uht-habtejszin-30-200-ml/ || https://www.depozitcc.ro/delicatese/smantana-frisca-unt/frisca/frisca-lichida-30-meggle-uht-200ml-92327.html
https://bevasarlas.tesco.hu/shop/hu-HU/products/210504341
https://coopshop.hu/termek/meggle-uht-habtejszin-30-200-ml/"
