pi_ing,name_display,subcategory,stabilizer_type,owner_preference,mapper_brand,approved_for_base,approved_for_engines,mapper_verification_status,vegan,allergens,processing_family,processing_routing_status,pf_process_family_id,pf_default_process_mode,pf_functional_heat_requirement,pf_functional_heat_reason
PI-ING-000472,GUAR GUM · Stabilizer,guar_gum,GUAR,PREFERRED (D-14),Standard,TRUE,TRUE,Verified,TRUE,none_declared,PF_GUAR_NATIVE,FAMILY_EVIDENCE,PF_GUAR_NATIVE,COLD_OK,NOT_REQUIRED,NONE
PI-ING-000475,LOCUST BEAN GUM CAROB · Stabilizer,locust_bean_gum,LBG,PREFERRED (D-14),Standard,TRUE,TRUE,Verified,TRUE,none_declared,PF_LBG_NATIVE,FAMILY_EVIDENCE,PF_LBG_NATIVE,HOT_REQUIRED,REQUIRED,HYDRATION
PI-ING-000492,TARA GUM · Stabilizer,tara_gum,TARA,PREFERRED (D-14),Standard,TRUE,TRUE,Verified,TRUE,none_declared,PF_TARA_NATIVE,FAMILY_EVIDENCE,PF_TARA_NATIVE,CONDITIONAL,CONDITIONAL,HYDRATION
PI-ING-001384,LOCUST BEAN GUM · Stabilizer,locust_bean_gum,LBG,PREFERRED (D-14),,TRUE,TRUE,Verified,TRUE,none_declared,PF_LBG_NATIVE,FAMILY_EVIDENCE,PF_LBG_NATIVE,HOT_REQUIRED,REQUIRED,HYDRATION
PI-ING-002114,GELLATTI STABILIZER · Gellatti Stabilizer Blend · Dry,stabilizer_blend,STABILIZER_BLEND,PREFERRED (D-14) — GELLATTI own blend,Gellatti,TRUE,TRUE,Verified / PI Calculated,TRUE,none_declared,PF_STAB_GELLATTI,IDENTITY_ONLY_OR_UNKNOWN,PF_STAB_GELLATTI,PRODUCT_SPECIFIC,UNKNOWN,UNKNOWN
PI-ING-000460,CREMODAN SE VEG DENISCO · Danisco Emulsifier Blend · Dry · 1222049,emulsifier_blend,STABILIZER_BLEND,COMMERCIAL_BLEND_EXISTING_PI,Danisco,TRUE,TRUE,Verified,TRUE,"milk_possible, unknown_requires_label_review",PF_STAB_BLEND_DRY,IDENTITY_ONLY_OR_UNKNOWN,PF_STAB_BLEND_DRY,PRODUCT_SPECIFIC,UNKNOWN,UNKNOWN
PI-ING-000461,CREMODAN SE VEG DENISCO · Danisco Emulsifier Blend · Dry · 116790,emulsifier_blend,STABILIZER_BLEND,COMMERCIAL_BLEND_EXISTING_PI,Danisco,TRUE,TRUE,Verified,TRUE,"milk_possible, unknown_requires_label_review",PF_STAB_BLEND_DRY,IDENTITY_ONLY_OR_UNKNOWN,PF_STAB_BLEND_DRY,PRODUCT_SPECIFIC,UNKNOWN,UNKNOWN
PI-ING-000462,BUBBLE GUM BLUE · Fabbri Stabilizer · 0012408,stabilizer_blend,STABILIZER_BLEND,COMMERCIAL_BLEND_EXISTING_PI,Fabbri,TRUE,TRUE,Verified,FALSE,milk,PF_IDENTITY_REVIEW,IDENTITY_ONLY_OR_UNKNOWN,PF_IDENTITY_REVIEW,UNKNOWN_REVIEW,UNKNOWN,UNKNOWN
PI-ING-000463,BUBBLE GUM PINK · Fabbri Stabilizer · 0012409,stabilizer_blend,STABILIZER_BLEND,COMMERCIAL_BLEND_EXISTING_PI,Fabbri,TRUE,TRUE,Verified,FALSE,milk,PF_IDENTITY_REVIEW,IDENTITY_ONLY_OR_UNKNOWN,PF_IDENTITY_REVIEW,UNKNOWN_REVIEW,UNKNOWN,UNKNOWN
PI-ING-000464,EXTRULCE · Palsgaard Emulsifier Blend · Dry · 11014102,emulsifier_blend,STABILIZER_BLEND,COMMERCIAL_BLEND_EXISTING_PI,Palsgaard,TRUE,TRUE,Verified,TRUE,none_declared,PF_STAB_BLEND_DRY,IDENTITY_ONLY_OR_UNKNOWN,PF_STAB_BLEND_DRY,PRODUCT_SPECIFIC,UNKNOWN,UNKNOWN
PI-ING-000465,NEUTRO SP STABILIZER · Fabbri Emulsifier Blend · Dry · 9234818,emulsifier_blend,STABILIZER_BLEND,COMMERCIAL_BLEND_EXISTING_PI,Fabbri,TRUE,TRUE,Verified,TRUE,none_declared,PF_STAB_BLEND_DRY,IDENTITY_ONLY_OR_UNKNOWN,PF_STAB_BLEND_DRY,PRODUCT_SPECIFIC,UNKNOWN,UNKNOWN
PI-ING-000466,FIBER NEUTRO · Essenza Stabilizer · ESS069,stabilizer_blend,STABILIZER_BLEND,COMMERCIAL_BLEND_EXISTING_PI,Essenza,TRUE,TRUE,Verified,FALSE,milk,PF_STAB_BLEND_DRY,IDENTITY_ONLY_OR_UNKNOWN,PF_STAB_BLEND_DRY,PRODUCT_SPECIFIC,UNKNOWN,UNKNOWN
PI-ING-000467,FRI STAB LN2 · Tate & Lyle Stabilizer,stabilizer_blend,STABILIZER_BLEND,COMMERCIAL_BLEND_EXISTING_PI,Tate & Lyle,TRUE,TRUE,Verified,FALSE,milk,PF_STAB_BLEND_DRY,IDENTITY_ONLY_OR_UNKNOWN,PF_STAB_BLEND_DRY,PRODUCT_SPECIFIC,UNKNOWN,UNKNOWN
PI-ING-000468,FRIMULSION IF · Tate & Lyle Stabilizer · 300000022547,stabilizer_hydrolyzed_milk_protein_mix,STABILIZER_BLEND,COMMERCIAL_BLEND_EXISTING_PI,Tate & Lyle,TRUE,TRUE,Verified,FALSE,milk,PF_STAB_BLEND_DRY,IDENTITY_ONLY_OR_UNKNOWN,PF_STAB_BLEND_DRY,PRODUCT_SPECIFIC,UNKNOWN,UNKNOWN
PI-ING-000469,FRIMULSION SCL · Tate & Lyle Stabilizer,stabilizer_blend,STABILIZER_BLEND,COMMERCIAL_BLEND_EXISTING_PI,Tate & Lyle,TRUE,TRUE,Verified,TRUE,"milk_possible, soy_possible, unknown_requires_label_review",PF_STAB_BLEND_DRY,IDENTITY_ONLY_OR_UNKNOWN,PF_STAB_BLEND_DRY,PRODUCT_SPECIFIC,UNKNOWN,UNKNOWN
PI-ING-000470,FRIMULSION · Tate & Lyle Stabilizer · IF34,stabilizer_blend,STABILIZER_BLEND,COMMERCIAL_BLEND_EXISTING_PI,Tate & Lyle,TRUE,TRUE,Verified,TRUE,"milk_possible, soy_possible, unknown_requires_label_review",PF_STAB_BLEND_DRY,IDENTITY_ONLY_OR_UNKNOWN,PF_STAB_BLEND_DRY,PRODUCT_SPECIFIC,UNKNOWN,UNKNOWN
PI-ING-000471,FRIMULSION ICAR · Tate & Lyle Stabilizer,stabilizer_blend,STABILIZER_BLEND,COMMERCIAL_BLEND_EXISTING_PI,Tate & Lyle,TRUE,TRUE,Verified,TRUE,"milk_possible, soy_possible, unknown_requires_label_review",PF_STAB_BLEND_DRY,IDENTITY_ONLY_OR_UNKNOWN,PF_STAB_BLEND_DRY,PRODUCT_SPECIFIC,UNKNOWN,UNKNOWN
PI-ING-000473,HAPPY HOUR · Babbi Emulsifier Blend · Dry · 14835,fiber_stabilizer_emulsifier_mix,STABILIZER_BLEND,COMMERCIAL_BLEND_EXISTING_PI,Babbi,TRUE,TRUE,Verified,TRUE,soy,PF_STAB_BLEND_DRY,IDENTITY_ONLY_OR_UNKNOWN,PF_STAB_BLEND_DRY,PRODUCT_SPECIFIC,UNKNOWN,UNKNOWN
PI-ING-000474,JOYBASE NEUTRAL FIX · Irca Stabilizer · 01070653,stabilizer_dextrose_maltodextrin_mix,STABILIZER_BLEND,COMMERCIAL_BLEND_EXISTING_PI,Irca,TRUE,TRUE,Verified,TRUE,"milk_possible, soy_possible",PF_STAB_BLEND_DRY,EXACT_PRODUCT_FIELDS,PF_STAB_BLEND_DRY,PRODUCT_SPECIFIC,UNKNOWN,UNKNOWN
PI-ING-000476,NEUTRALIN · MEC3 Stabilizer · 06005,stabilizer_thickener_mix,STABILIZER_BLEND,COMMERCIAL_BLEND_EXISTING_PI,MEC3,TRUE,TRUE,Verified,TRUE,none_declared,PF_STAB_BLEND_DRY,IDENTITY_ONLY_OR_UNKNOWN,PF_STAB_BLEND_DRY,PRODUCT_SPECIFIC,UNKNOWN,UNKNOWN
PI-ING-000477,NEUTRO · MEC3 Stabilizer · 100% · 06008,pure_stabilizer_mix,STABILIZER_BLEND,COMMERCIAL_BLEND_EXISTING_PI,MEC3,TRUE,TRUE,Verified,FALSE,milk,PF_STAB_BLEND_DRY,IDENTITY_ONLY_OR_UNKNOWN,PF_STAB_BLEND_DRY,PRODUCT_SPECIFIC,UNKNOWN,UNKNOWN
PI-ING-000478,NEUTRO EXTRA · Montebianco Emulsifier Blend · Dry · 124115,milk_protein_stabilizer_emulsifier_mix,STABILIZER_BLEND,COMMERCIAL_BLEND_EXISTING_PI,Montebianco,TRUE,TRUE,Verified,FALSE,milk,PF_STAB_BLEND_DRY,IDENTITY_ONLY_OR_UNKNOWN,PF_STAB_BLEND_DRY,PRODUCT_SPECIFIC,UNKNOWN,UNKNOWN
PI-ING-000479,NEUTRO LATTE · Comprital Emulsifier Blend · Dry · P094 / 21069098,milk_stabilizer_emulsifier_blend,STABILIZER_BLEND,COMMERCIAL_BLEND_EXISTING_PI,Comprital,TRUE,TRUE,Verified,FALSE,milk,PF_STAB_BLEND_DRY,IDENTITY_ONLY_OR_UNKNOWN,PF_STAB_BLEND_DRY,PRODUCT_SPECIFIC,UNKNOWN,UNKNOWN
PI-ING-000480,NEUTRO S · Giuso Stabilizer · 00003204,stabilizer_dextrose_mix,STABILIZER_BLEND,COMMERCIAL_BLEND_EXISTING_PI,Giuso,TRUE,TRUE,Verified,TRUE,"tree_nuts_possible, peanuts_possible, milk_possible, soy_possible, egg_possible, unknown_requires_label_review",PF_STAB_BLEND_DRY,IDENTITY_ONLY_OR_UNKNOWN,PF_STAB_BLEND_DRY,PRODUCT_SPECIFIC,UNKNOWN,UNKNOWN
PI-ING-000481,NEUTRO · dlaLodziarza.pl Stabilizer,stabilizer_blend,STABILIZER_BLEND,COMMERCIAL_BLEND_EXISTING_PI,dlaLodziarza.pl,TRUE,TRUE,Verified,TRUE,none_declared,PF_STAB_BLEND_DRY,IDENTITY_ONLY_OR_UNKNOWN,PF_STAB_BLEND_DRY,PRODUCT_SPECIFIC,UNKNOWN,UNKNOWN
PI-ING-000482,NEUTRO LATTE FRUTTA NI · CFC Emulsifier Blend · Dry,emulsifier_stabilizer_mix,STABILIZER_BLEND,COMMERCIAL_BLEND_EXISTING_PI,CFC,TRUE,TRUE,Verified,FALSE,milk,PF_STAB_BLEND_DRY,IDENTITY_ONLY_OR_UNKNOWN,PF_STAB_BLEND_DRY,PRODUCT_SPECIFIC,UNKNOWN,UNKNOWN
PI-ING-000483,NEUTRO CREME SUPREMO · Babbi Emulsifier Blend · Dry · 14855,fiber_stabilizer_emulsifier_mix,STABILIZER_BLEND,COMMERCIAL_BLEND_EXISTING_PI,Babbi,TRUE,TRUE,Verified,TRUE,"milk_possible, egg_possible, soy_possible, unknown_requires_label_review",PF_STAB_BLEND_DRY,IDENTITY_ONLY_OR_UNKNOWN,PF_STAB_BLEND_DRY,PRODUCT_SPECIFIC,UNKNOWN,UNKNOWN
PI-ING-000484,NEUTRO PAN · Aromitalia Emulsifier Blend · Dry · 4208,emulsifier_stabilizer_mix,STABILIZER_BLEND,COMMERCIAL_BLEND_EXISTING_PI,Aromitalia,TRUE,TRUE,Verified,FALSE,milk,PF_STAB_BLEND_DRY,IDENTITY_ONLY_OR_UNKNOWN,PF_STAB_BLEND_DRY,PRODUCT_SPECIFIC,UNKNOWN,UNKNOWN
PI-ING-000485,NEUTRO U ADDENSANTE · Stella Emulsifier Blend · Dry · 5046,stabilizer_emulsifier_mix,STABILIZER_BLEND,COMMERCIAL_BLEND_EXISTING_PI,Stella,TRUE,TRUE,Verified,TRUE,"milk_possible, soy_possible, egg_possible, tree_nuts_possible, unknown_requires_label_review",PF_STAB_BLEND_DRY,IDENTITY_ONLY_OR_UNKNOWN,PF_STAB_BLEND_DRY,PRODUCT_SPECIFIC,UNKNOWN,UNKNOWN
PI-ING-000486,NEUTRO UNICO · Master Martini Emulsifier Blend · Dry · AI70BP,stabilizer_emulsifier_mix,STABILIZER_BLEND,COMMERCIAL_BLEND_EXISTING_PI,Master Martini,TRUE,TRUE,Verified,TRUE,soy,PF_STAB_BLEND_DRY,IDENTITY_ONLY_OR_UNKNOWN,PF_STAB_BLEND_DRY,PRODUCT_SPECIFIC,UNKNOWN,UNKNOWN
PI-ING-000487,NEUTRO UNIVERSALE · Babbi Stabilizer · 14683,stabilizer_mix,STABILIZER_BLEND,COMMERCIAL_BLEND_EXISTING_PI,Babbi,TRUE,TRUE,Verified,FALSE,milk,PF_STAB_BLEND_DRY,IDENTITY_ONLY_OR_UNKNOWN,PF_STAB_BLEND_DRY,PRODUCT_SPECIFIC,UNKNOWN,UNKNOWN
PI-ING-000488,NEUTROCREM · Giuso Emulsifier Blend · Dry · 00041204,stabilizer_emulsifier_mix,STABILIZER_BLEND,COMMERCIAL_BLEND_EXISTING_PI,Giuso,TRUE,TRUE,Verified,TRUE,"tree_nuts_possible, peanuts_possible, milk_possible, soy_possible, egg_possible, unknown_requires_label_review",PF_STAB_BLEND_DRY,IDENTITY_ONLY_OR_UNKNOWN,PF_STAB_BLEND_DRY,PRODUCT_SPECIFIC,UNKNOWN,UNKNOWN
PI-ING-000489,EXTRULCE · Palsgaard Emulsifier Blend · Dry · 21176102,emulsifier_blend,STABILIZER_BLEND,COMMERCIAL_BLEND_EXISTING_PI,Palsgaard,TRUE,TRUE,Verified,TRUE,none_declared,PF_STAB_BLEND_DRY,IDENTITY_ONLY_OR_UNKNOWN,PF_STAB_BLEND_DRY,PRODUCT_SPECIFIC,UNKNOWN,UNKNOWN
PI-ING-000490,IC · Solmix Stabilizer,stabilizer_blend,STABILIZER_BLEND,COMMERCIAL_BLEND_EXISTING_PI,Solmix,TRUE,TRUE,Verified,TRUE,"milk_possible, soy_possible, egg_possible, tree_nuts_possible, unknown_requires_label_review",PF_STAB_BLEND_DRY,IDENTITY_ONLY_OR_UNKNOWN,PF_STAB_BLEND_DRY,PRODUCT_SPECIFIC,UNKNOWN,UNKNOWN
PI-ING-000491,SVELTO · Irca Emulsifier Blend · Dry · 01100149,liquid_stabilizer_emulsifier_mix,STABILIZER_BLEND,COMMERCIAL_BLEND_EXISTING_PI,Irca,TRUE,TRUE,Verified,FALSE,milk,PF_STAB_BLEND_LIQUID,EXACT_PRODUCT_FIELDS,PF_STAB_BLEND_LIQUID,PRODUCT_SPECIFIC,UNKNOWN,UNKNOWN
PI-ING-000493,WATERICE · Palsgaard Stabilizer,stabilizer_blend,STABILIZER_BLEND,COMMERCIAL_BLEND_EXISTING_PI,Palsgaard,TRUE,TRUE,Verified,TRUE,none_declared,PF_STAB_BLEND_DRY,IDENTITY_ONLY_OR_UNKNOWN,PF_STAB_BLEND_DRY,PRODUCT_SPECIFIC,UNKNOWN,UNKNOWN
PI-ING-000705,ARANCIAGRA ACID SUPPLEMENT · PreGel Emulsifier Blend · Dry · ST-41346,stabilizer_emulsifier_mix,STABILIZER_BLEND,COMMERCIAL_BLEND_EXISTING_PI,PreGel,TRUE,TRUE,Verified,TRUE,none_declared,PF_IDENTITY_REVIEW,IDENTITY_ONLY_OR_UNKNOWN,PF_IDENTITY_REVIEW,UNKNOWN_REVIEW,UNKNOWN,UNKNOWN
PI-ING-000747,PANNAGEL · PreGel Emulsifier Blend · Dry · ST-02348,stabilizer_emulsifier_mix,STABILIZER_BLEND,COMMERCIAL_BLEND_EXISTING_PI,PreGel,TRUE,TRUE,Verified,FALSE,milk,PF_STAB_BLEND_DRY,IDENTITY_ONLY_OR_UNKNOWN,PF_STAB_BLEND_DRY,PRODUCT_SPECIFIC,UNKNOWN,UNKNOWN
PI-ING-000775,TOTALBASE · PreGel Emulsifier Blend · Dry · ST-09308,stabilizer_emulsifier_mix,STABILIZER_BLEND,COMMERCIAL_BLEND_EXISTING_PI,PreGel,TRUE,TRUE,Verified,FALSE,milk,PF_STAB_BLEND_DRY,IDENTITY_ONLY_OR_UNKNOWN,PF_STAB_BLEND_DRY,PRODUCT_SPECIFIC,UNKNOWN,UNKNOWN
PI-ING-000786,GELMIX · MEC3 Emulsifier Blend · Dry · 06003,stabilizer_emulsifier_mix,STABILIZER_BLEND,COMMERCIAL_BLEND_EXISTING_PI,MEC3,TRUE,TRUE,Verified,FALSE,"soy, milk",PF_STAB_BLEND_DRY,IDENTITY_ONLY_OR_UNKNOWN,PF_STAB_BLEND_DRY,PRODUCT_SPECIFIC,UNKNOWN,UNKNOWN
PI-ING-000803,MEC PLUS · MEC3 Emulsifier Blend · Dry · 06007,stabilizer_emulsifier_mix,STABILIZER_BLEND,COMMERCIAL_BLEND_EXISTING_PI,MEC3,TRUE,TRUE,Verified,FALSE,milk,PF_STAB_BLEND_DRY,IDENTITY_ONLY_OR_UNKNOWN,PF_STAB_BLEND_DRY,PRODUCT_SPECIFIC,UNKNOWN,UNKNOWN
PI-ING-000832,SOFTIN · MEC3 Emulsifier Blend · Dry · 06069,stabilizer_emulsifier_mix,STABILIZER_BLEND,COMMERCIAL_BLEND_EXISTING_PI,MEC3,TRUE,TRUE,Verified,TRUE,none_declared,PF_STAB_BLEND_DRY,IDENTITY_ONLY_OR_UNKNOWN,PF_STAB_BLEND_DRY,PRODUCT_SPECIFIC,UNKNOWN,UNKNOWN
PI-ING-000833,SOMIX · MEC3 Emulsifier Blend · Dry · 06077,stabilizer_emulsifier_mix,STABILIZER_BLEND,COMMERCIAL_BLEND_EXISTING_PI,MEC3,TRUE,TRUE,Verified,FALSE,"egg, soy",PF_STAB_BLEND_DRY,IDENTITY_ONLY_OR_UNKNOWN,PF_STAB_BLEND_DRY,PRODUCT_SPECIFIC,UNKNOWN,UNKNOWN
PI-ING-000834,ULTRAGELMIX · MEC3 Emulsifier Blend · Dry · 06032,stabilizer_emulsifier_mix,STABILIZER_BLEND,COMMERCIAL_BLEND_EXISTING_PI,MEC3,TRUE,TRUE,Verified,TRUE,soy,PF_STAB_BLEND_DRY,IDENTITY_ONLY_OR_UNKNOWN,PF_STAB_BLEND_DRY,PRODUCT_SPECIFIC,UNKNOWN,UNKNOWN
PI-ING-000856,INTEGRATORE FORZAPIU · Pernigotti Emulsifier Blend · Dry,stabilizer_emulsifier_mix,STABILIZER_BLEND,COMMERCIAL_BLEND_EXISTING_PI,Pernigotti,TRUE,TRUE,Verified,TRUE,none_declared,PF_STAB_BLEND_DRY,IDENTITY_ONLY_OR_UNKNOWN,PF_STAB_BLEND_DRY,PRODUCT_SPECIFIC,UNKNOWN,UNKNOWN
PI-ING-001344,AGAR · Stabilizer,agar,STABILIZER_BLEND,COMMERCIAL_BLEND_EXISTING_PI,,TRUE,TRUE,Verified,TRUE,none_declared,PF_AGAR,FAMILY_EVIDENCE,PF_AGAR,HOT_REQUIRED,REQUIRED,HYDRATION
PI-ING-001375,FRISTAB LN · Tate & Lyle Stabilizer · 80001119,stabilizer_blend,STABILIZER_BLEND,COMMERCIAL_BLEND_EXISTING_PI,Tate & Lyle,TRUE,TRUE,Verified,FALSE,milk,PF_STAB_BLEND_DRY,IDENTITY_ONLY_OR_UNKNOWN,PF_STAB_BLEND_DRY,PRODUCT_SPECIFIC,UNKNOWN,UNKNOWN
PI-ING-001377,CASSIA GUM · Stabilizer · E427,cassia_gum,STABILIZER_BLEND,COMMERCIAL_BLEND_EXISTING_PI,,TRUE,TRUE,Verified,TRUE,none_declared,PF_CASSIA,IDENTITY_ONLY_OR_UNKNOWN,PF_CASSIA,UNKNOWN_REVIEW,UNKNOWN,UNKNOWN
PI-ING-001378,XANTHAN GUM · Stabilizer,xanthan_gum,STABILIZER_BLEND,COMMERCIAL_BLEND_EXISTING_PI,,TRUE,TRUE,Verified,TRUE,none_declared,PF_XANTHAN,FAMILY_EVIDENCE,PF_XANTHAN,COLD_OK,NOT_REQUIRED,NONE
PI-ING-001461,PECTIN · Grade / Carrier Unspecified · Legacy Profile,pectin,OTHER_EXISTING_APPROVED_STABILIZER,OTHER_EXISTING — GELATO suitability not established by SHOP,,TRUE,TRUE,Verified,TRUE,none_declared,PF_PECTIN_UNSPEC,FAMILY_EVIDENCE,PF_PECTIN_UNSPEC,CONDITIONAL,CONDITIONAL,HYDRATION
PI-ING-002506,GELATIN · PORCINE · 150 BLOOM · Powder,gelatin,OTHER_EXISTING_APPROVED_STABILIZER,OTHER_EXISTING — GELATO suitability not established by SHOP,Standard,TRUE,TRUE,Estimated / PI Calculated,FALSE,none_declared,PF_GELATIN_PORCINE,FAMILY_EVIDENCE,PF_GELATIN_PORCINE,HOT_REQUIRED,REQUIRED,DISSOLUTION
PI-ING-002507,GELATIN · PORCINE · 200 BLOOM · Powder,gelatin,OTHER_EXISTING_APPROVED_STABILIZER,OTHER_EXISTING — GELATO suitability not established by SHOP,Standard,TRUE,TRUE,Estimated / PI Calculated,FALSE,none_declared,PF_GELATIN_PORCINE,FAMILY_EVIDENCE,PF_GELATIN_PORCINE,HOT_REQUIRED,REQUIRED,DISSOLUTION
PI-ING-002508,GELATIN · PORCINE · 250 BLOOM · Powder,gelatin,OTHER_EXISTING_APPROVED_STABILIZER,OTHER_EXISTING — GELATO suitability not established by SHOP,Standard,TRUE,TRUE,Estimated / PI Calculated,FALSE,none_declared,PF_GELATIN_PORCINE,FAMILY_EVIDENCE,PF_GELATIN_PORCINE,HOT_REQUIRED,REQUIRED,DISSOLUTION
PI-ING-002509,GELATIN · BOVINE · 200 BLOOM · Powder,gelatin,OTHER_EXISTING_APPROVED_STABILIZER,OTHER_EXISTING — GELATO suitability not established by SHOP,Standard,TRUE,TRUE,Estimated / PI Calculated,FALSE,none_declared,PF_GELATIN_BOVINE,FAMILY_EVIDENCE,PF_GELATIN_BOVINE,HOT_REQUIRED,REQUIRED,DISSOLUTION
PI-ING-002510,GELATIN · FISH · 200 BLOOM · Powder,gelatin,OTHER_EXISTING_APPROVED_STABILIZER,OTHER_EXISTING — GELATO suitability not established by SHOP,Standard,TRUE,TRUE,Estimated / PI Calculated,FALSE,fish,PF_GELATIN_FISH,FAMILY_EVIDENCE,PF_GELATIN_FISH,HOT_REQUIRED,REQUIRED,DISSOLUTION
PI-ING-002533,PECTIN HM · Rapid Set · No Added Sugar Carrier,pectin_hm_rapid,OTHER_EXISTING_APPROVED_STABILIZER,OTHER_EXISTING — GELATO suitability not established by SHOP,Standard,TRUE,TRUE,Estimated / PI Calculated,TRUE,none_declared,PF_PECTIN_HM_RAPID,FAMILY_EVIDENCE,PF_PECTIN_HM_RAPID,CONDITIONAL,CONDITIONAL,HYDRATION
PI-ING-002534,PECTIN HM · Slow Set · No Added Sugar Carrier,pectin_hm_slow,OTHER_EXISTING_APPROVED_STABILIZER,OTHER_EXISTING — GELATO suitability not established by SHOP,Standard,TRUE,TRUE,Estimated / PI Calculated,TRUE,none_declared,PF_PECTIN_HM_SLOW,FAMILY_EVIDENCE,PF_PECTIN_HM_SLOW,CONDITIONAL,CONDITIONAL,HYDRATION
PI-ING-002535,PECTIN LM · Non-Amidated · No Added Sugar Carrier,pectin_lm,OTHER_EXISTING_APPROVED_STABILIZER,OTHER_EXISTING — GELATO suitability not established by SHOP,Standard,TRUE,TRUE,Estimated / PI Calculated,TRUE,none_declared,PF_PECTIN_LM,FAMILY_EVIDENCE,PF_PECTIN_LM,CONDITIONAL,CONDITIONAL,HYDRATION
PI-ING-002536,PECTIN LMA · Amidated · No Added Sugar Carrier,pectin_lma,OTHER_EXISTING_APPROVED_STABILIZER,OTHER_EXISTING — GELATO suitability not established by SHOP,Standard,TRUE,TRUE,Estimated / PI Calculated,TRUE,none_declared,PF_PECTIN_LMA,FAMILY_EVIDENCE,PF_PECTIN_LMA,CONDITIONAL,CONDITIONAL,HYDRATION
PI-ING-002537,PECTIN HM · Slow Set · Dextrose-Standardized · ~23.56% Sugars,pectin_hm_slow_dextrose_standardized,OTHER_EXISTING_APPROVED_STABILIZER,OTHER_EXISTING — GELATO suitability not established by SHOP,Standard,TRUE,TRUE,Estimated / PI Calculated,TRUE,none_declared,PF_PECTIN_HM_SLOW_STD,FAMILY_EVIDENCE,PF_PECTIN_HM_SLOW_STD,CONDITIONAL,CONDITIONAL,HYDRATION
PI-ING-002538,CARRAGEENAN · Kappa · Powder,carrageenan_kappa,OTHER_EXISTING_APPROVED_STABILIZER,OTHER_EXISTING — GELATO suitability not established by SHOP,Standard,TRUE,TRUE,Estimated / PI Calculated,TRUE,none_declared,PF_CARRAGEENAN_KAPPA,FAMILY_EVIDENCE,PF_CARRAGEENAN_KAPPA,CONDITIONAL,CONDITIONAL,HYDRATION
PI-ING-002539,CARRAGEENAN · Iota · Powder,carrageenan_iota,OTHER_EXISTING_APPROVED_STABILIZER,OTHER_EXISTING — GELATO suitability not established by SHOP,Standard,TRUE,TRUE,Estimated / PI Calculated,TRUE,none_declared,PF_CARRAGEENAN_IOTA,FAMILY_EVIDENCE,PF_CARRAGEENAN_IOTA,CONDITIONAL,CONDITIONAL,HYDRATION
PI-ING-002540,CARRAGEENAN · Lambda · Powder,carrageenan_lambda,OTHER_EXISTING_APPROVED_STABILIZER,OTHER_EXISTING — GELATO suitability not established by SHOP,Standard,TRUE,TRUE,Estimated / PI Calculated,TRUE,none_declared,PF_CARRAGEENAN_LAMBDA,FAMILY_EVIDENCE,PF_CARRAGEENAN_LAMBDA,CONDITIONAL,CONDITIONAL,HYDRATION
PI-ING-002541,CELLULOSE GUM (SODIUM CMC) · ~2500 mPa.s · 1% / 25 C,sodium_carboxymethylcellulose,OTHER_EXISTING_APPROVED_STABILIZER,OTHER_EXISTING — GELATO suitability not established by SHOP,Standard,TRUE,TRUE,Estimated / PI Calculated,TRUE,none_declared,PF_CMC,FAMILY_EVIDENCE,PF_CMC,COLD_OK,NOT_REQUIRED,HYDRATION
PI-ING-002542,GELLAN GUM · Low Acyl · Powder,gellan_low_acyl,OTHER_EXISTING_APPROVED_STABILIZER,OTHER_EXISTING — GELATO suitability not established by SHOP,Standard,TRUE,TRUE,Estimated / PI Calculated,TRUE,none_declared,PF_GELLAN_LA,FAMILY_EVIDENCE,PF_GELLAN_LA,CONDITIONAL,UNKNOWN,HYDRATION
PI-ING-002543,GELLAN GUM · High Acyl · Powder,gellan_high_acyl,OTHER_EXISTING_APPROVED_STABILIZER,OTHER_EXISTING — GELATO suitability not established by SHOP,Standard,TRUE,TRUE,Estimated / PI Calculated,TRUE,none_declared,PF_GELLAN_HA,FAMILY_EVIDENCE,PF_GELLAN_HA,HOT_REQUIRED,REQUIRED,HYDRATION
PI-ING-002544,SODIUM ALGINATE · Medium Viscosity · 300–700 mPa.s,sodium_alginate,OTHER_EXISTING_APPROVED_STABILIZER,OTHER_EXISTING — GELATO suitability not established by SHOP,Standard,TRUE,TRUE,Estimated / PI Calculated,TRUE,none_declared,PF_ALGINATE,FAMILY_EVIDENCE,PF_ALGINATE,CONDITIONAL,CONDITIONAL,HYDRATION
PI-ING-002545,KONJAC GLUCOMANNAN · High Viscosity · Powder,konjac_glucomannan,OTHER_EXISTING_APPROVED_STABILIZER,OTHER_EXISTING — GELATO suitability not established by SHOP,Standard,TRUE,TRUE,Estimated / PI Calculated,TRUE,none_declared,PF_KONJAC,FAMILY_EVIDENCE,PF_KONJAC,CONDITIONAL,UNKNOWN,UNKNOWN
PI-ING-002561,FRUIT PECTIN NH · Sosa · 58030000 · Exact Product / Composition Required,pectin_nh_sosa_58030000,OTHER_EXISTING_APPROVED_STABILIZER,OTHER_EXISTING — GELATO suitability not established by SHOP,Sosa Ingredients,FALSE,FALSE,Blocked / Exact Composition Required,TRUE,none_declared,PF_PECTIN_NH_PREPARATION,EXACT_PRODUCT_FIELDS,PF_PECTIN_NH_PREPARATION,PRODUCT_SPECIFIC,UNKNOWN,UNKNOWN
PI-ING-002562,HYDROXYPROPYL METHYLCELLULOSE (HPMC) · E464 · Grade Unspecified,hydroxypropyl_methylcellulose_e464,OTHER_EXISTING_APPROVED_STABILIZER,OTHER_EXISTING — GELATO suitability not established by SHOP,Standard,FALSE,FALSE,Blocked / Exact Composition Required,TRUE,none_declared,PF_HPMC,IDENTITY_ONLY_OR_UNKNOWN,PF_HPMC,UNKNOWN_REVIEW,UNKNOWN,UNKNOWN
PI-ING-002563,MICROCRYSTALLINE CELLULOSE (MCC) · E460(i) · Grade Unspecified,microcrystalline_cellulose_e460i,OTHER_EXISTING_APPROVED_STABILIZER,OTHER_EXISTING — GELATO suitability not established by SHOP,Standard,FALSE,FALSE,Blocked / Exact Composition Required,TRUE,none_declared,PF_MCC,IDENTITY_ONLY_OR_UNKNOWN,PF_MCC,UNKNOWN_REVIEW,UNKNOWN,UNKNOWN
